OmaTunniste;OmaIta;OmaPohjoinen;Kunta;siteid;aika;vuosi;kk;paiva;longitude;latitude;t_mean;t_max;t_min;rainfall;radiation;hpa;lamposumma_v;rainfall_v
1;3356593;6703104;Vihti;9999;20160703;2016;7;3;3356500;6703500;16.5;22.1;15.0;3.0;16762;17.8;11.5;3.0
1;3356593;6703104;Vihti;9999;20160704;2016;7;4;3356500;6703500;13.9;17.1;11.3;2.6;19192;14.3;20.4;5.6
1;3356593;6703104;Vihti;9999;20160705;2016;7;5;3356500;6703500;14.8;18.5;10.7;0.0;27544;13.3;30.2;5.6
1;3356593;6703104;Vihti;9999;20160706;2016;7;6;3356500;6703500;15.9;20.0;13.1;2.7;21312;12.0;41.1;8.3
1;3356593;6703104;Vihti;9999;20160707;2016;7;7;3356500;6703500;12.6;15.6;11.7;2.2;5792;13.4;48.7;10.5
1;3356593;6703104;Vihti;9999;20160708;2016;7;8;3356500;6703500;15.2;20.3;11.2;0.0;22802;12.9;58.900000000000006;10.5
1;3356593;6703104;Vihti;9999;20160709;2016;7;9;3356500;6703500;16.2;22.4;9.3;4.6;24386;12.8;70.10000000000001;15.1
1;3356593;6703104;Vihti;9999;20160710;2016;7;10;3356500;6703500;14.8;21.4;10.7;13.4;17478;14.6;79.9;28.5
1;3356593;6703104;Vihti;9999;20160711;2016;7;11;3356500;6703500;15.4;20.0;10.8;9.6;17010;16.4;90.30000000000001;38.1
1;3356593;6703104;Vihti;9999;20160712;2016;7;12;3356500;6703500;17.3;21.4;14.5;3.1;17856;17.2;102.60000000000001;41.2
1;3356593;6703104;Vihti;9999;20160713;2016;7;13;3356500;6703500;17.6;21.9;14.5;0.1;19231;16.0;115.20000000000002;41.300000000000004
1;3356593;6703104;Vihti;9999;20160714;2016;7;14;3356500;6703500;17.2;22.7;12.4;0.1;27659;14.2;127.40000000000002;41.400000000000006
1;3356593;6703104;Vihti;9999;20160715;2016;7;15;3356500;6703500;14.8;18.4;10.6;20.5;6466;16.1;137.20000000000002;61.900000000000006
1;3356593;6703104;Vihti;9999;20160716;2016;7;16;3356500;6703500;17.4;22.3;13.9;0.0;23501;16.4;149.60000000000002;61.900000000000006
1;3356593;6703104;Vihti;9999;20160717;2016;7;17;3356500;6703500;16.3;20.1;14.4;0.6;15365;15.6;160.90000000000003;62.50000000000001
1;3356593;6703104;Vihti;9999;20160718;2016;7;18;3356500;6703500;16.5;21.7;11.2;0.3;17500;14.0;172.40000000000003;62.800000000000004
1;3356593;6703104;Vihti;9999;20160719;2016;7;19;3356500;6703500;16.5;22.3;10.1;0.0;20304;12.5;183.90000000000003;62.800000000000004
1;3356593;6703104;Vihti;9999;20160720;2016;7;20;3356500;6703500;16.9;22.3;9.5;0.1;30251;12.6;195.80000000000004;62.900000000000006
1;3356593;6703104;Vihti;9999;20160721;2016;7;21;3356500;6703500;17.6;21.2;14.8;0.0;10764;16.3;208.40000000000003;62.900000000000006
1;3356593;6703104;Vihti;9999;20160722;2016;7;22;3356500;6703500;16.5;18.7;15.7;0.0;11531;17.7;219.90000000000003;62.900000000000006
1;3356593;6703104;Vihti;9999;20160723;2016;7;23;3356500;6703500;17.8;20.9;16.0;0.8;10181;19.7;232.70000000000005;63.7
1;3356593;6703104;Vihti;9999;20160724;2016;7;24;3356500;6703500;20.1;24.4;16.4;0.0;15361;19.7;247.80000000000004;63.7
1;3356593;6703104;Vihti;9999;20160725;2016;7;25;3356500;6703500;20.3;25.6;14.6;1.0;16960;19.9;263.1;64.7
1;3356593;6703104;Vihti;9999;20160726;2016;7;26;3356500;6703500;20.2;25.5;13.9;0.0;24026;17.8;278.3;64.7
1;3356593;6703104;Vihti;9999;20160727;2016;7;27;3356500;6703500;19.6;25.5;14.9;0.0;23555;16.1;292.90000000000003;64.7
1;3356593;6703104;Vihti;9999;20160728;2016;7;28;3356500;6703500;17.2;22.6;11.2;2.5;20617;16.0;305.1;67.2
1;3356593;6703104;Vihti;9999;20160729;2016;7;29;3356500;6703500;18.8;23.7;14.1;0.7;30769;17.6;318.90000000000003;67.9
1;3356593;6703104;Vihti;9999;20160730;2016;7;30;3356500;6703500;18.7;24.0;13.2;6.5;24314;17.5;332.6;74.4
1;3356593;6703104;Vihti;9999;20160731;2016;7;31;3356500;6703500;16.6;21.1;14.2;11.7;15275;16.5;344.20000000000005;86.10000000000001
1;3356593;6703104;Vihti;9999;20160801;2016;8;1;3356500;6703500;16.4;20.1;12.0;0.4;15822;15.6;355.6;86.50000000000001
1;3356593;6703104;Vihti;9999;20160802;2016;8;2;3356500;6703500;15.1;20.3;11.8;5.5;16866;14.3;365.70000000000005;92.00000000000001
1;3356593;6703104;Vihti;9999;20160803;2016;8;3;3356500;6703500;15.2;20.9;10.6;2.5;16639;13.2;375.90000000000003;94.50000000000001
1;3356593;6703104;Vihti;9999;20160804;2016;8;4;3356500;6703500;15.4;19.5;11.0;3.6;11030;16.2;386.3;98.10000000000001
1;3356593;6703104;Vihti;9999;20160805;2016;8;5;3356500;6703500;18.4;22.4;14.7;0.8;12845;18.5;399.7;98.9
1;3356593;6703104;Vihti;9999;20160806;2016;8;6;3356500;6703500;17.6;21.6;14.9;0.9;19764;17.9;412.3;99.80000000000001
1;3356593;6703104;Vihti;9999;20160807;2016;8;7;3356500;6703500;17.4;21.8;13.6;0.8;17705;16.6;424.7;100.60000000000001
1;3356593;6703104;Vihti;9999;20160808;2016;8;8;3356500;6703500;17.4;21.5;12.5;0.6;19375;16.7;437.09999999999997;101.2
1;3356593;6703104;Vihti;9999;20160809;2016;8;9;3356500;6703500;15.7;18.8;14.3;0.0;14638;13.2;447.79999999999995;101.2
1;3356593;6703104;Vihti;9999;20160810;2016;8;10;3356500;6703500;13.8;18.3;10.5;2.1;15736;12.7;456.59999999999997;103.3
1;3356593;6703104;Vihti;9999;20160811;2016;8;11;3356500;6703500;13.5;17.4;11.4;0.4;18511;12.7;465.09999999999997;103.7
1;3356593;6703104;Vihti;9999;20160812;2016;8;12;3356500;6703500;11.5;17.1;5.9;1.8;16758;10.5;471.59999999999997;105.5
1;3356593;6703104;Vihti;9999;20160813;2016;8;13;3356500;6703500;14.1;16.9;9.6;4.0;5350;15.4;480.7;109.5
1;3356593;6703104;Vihti;9999;20160814;2016;8;14;3356500;6703500;14.6;19.4;11.9;6.9;12704;15.5;490.3;116.4
1;3356593;6703104;Vihti;9999;20160815;2016;8;15;3356500;6703500;13.0;17.8;8.6;0.2;16805;12.7;498.3;116.60000000000001
1;3356593;6703104;Vihti;9999;20160816;2016;8;16;3356500;6703500;14.1;15.4;12.0;7.2;5479;15.5;507.40000000000003;123.80000000000001
1;3356593;6703104;Vihti;9999;20160817;2016;8;17;3356500;6703500;14.0;17.6;12.3;3.9;11063;14.9;516.4000000000001;127.70000000000002
1;3356593;6703104;Vihti;9999;20160818;2016;8;18;3356500;6703500;14.7;18.3;12.0;0.8;9101;15.6;526.1000000000001;128.50000000000003
1;3356593;6703104;Vihti;9999;20160819;2016;8;19;3356500;6703500;16.0;20.7;13.6;10.1;15646;16.3;537.1000000000001;138.60000000000002
1;3356593;6703104;Vihti;9999;20160820;2016;8;20;3356500;6703500;16.1;21.8;12.4;0.0;15516;15.4;548.2000000000002;138.60000000000002
1;3356593;6703104;Vihti;9999;20160821;2016;8;21;3356500;6703500;17.6;23.5;10.4;1.3;15948;16.4;560.8000000000002;139.90000000000003
1;3356593;6703104;Vihti;9999;20160822;2016;8;22;3356500;6703500;16.9;19.4;15.5;3.5;6869;18.3;572.7000000000002;143.40000000000003
1;3356593;6703104;Vihti;9999;20160823;2016;8;23;3356500;6703500;15.4;20.5;13.3;2.3;16866;15.9;583.1000000000001;145.70000000000005
1;3356593;6703104;Vihti;9999;20160824;2016;8;24;3356500;6703500;14.3;18.7;10.1;0.0;11480;14.5;592.4000000000001;145.70000000000005
1;3356593;6703104;Vihti;9999;20160825;2016;8;25;3356500;6703500;16.4;20.3;10.4;5.6;10084;16.7;603.8000000000001;151.30000000000004
1;3356593;6703104;Vihti;9999;20160826;2016;8;26;3356500;6703500;16.6;19.1;14.4;0.0;13709;18.0;615.4000000000001;151.30000000000004
1;3356593;6703104;Vihti;9999;20160827;2016;8;27;3356500;6703500;16.6;20.3;14.6;0.0;18803;13.6;627.0000000000001;151.30000000000004
1;3356593;6703104;Vihti;9999;20160828;2016;8;28;3356500;6703500;13.1;17.3;7.5;0.5;23195;11.6;635.1000000000001;151.80000000000004
1;3356593;6703104;Vihti;9999;20160829;2016;8;29;3356500;6703500;12.3;14.5;10.0;10.8;3949;13.9;642.4000000000001;162.60000000000005
1;3356593;6703104;Vihti;9999;20160830;2016;8;30;3356500;6703500;12.0;16.9;10.5;0.1;9464;12.6;649.4000000000001;162.70000000000005
1;3356593;6703104;Vihti;9999;20160831;2016;8;31;3356500;6703500;14.1;20.4;6.5;0.0;18184;13.0;658.5000000000001;162.70000000000005
1;3356593;6703104;Vihti;9999;20160901;2016;9;1;3356500;6703500;16.5;21.3;13.1;0.0;9950;15.8;670.0000000000001;162.70000000000005
1;3356593;6703104;Vihti;9999;20160902;2016;9;2;3356500;6703500;14.6;19.5;11.5;0.2;14159;13.0;679.6000000000001;162.90000000000003
1;3356593;6703104;Vihti;9999;20160903;2016;9;3;3356500;6703500;12.4;16.9;5.6;27.6;6710;13.4;687.0000000000001;190.50000000000003
1;3356593;6703104;Vihti;9999;20160904;2016;9;4;3356500;6703500;13.3;17.5;11.6;0.0;14202;13.7;695.3000000000001;190.50000000000003
1;3356593;6703104;Vihti;9999;20160905;2016;9;5;3356500;6703500;13.6;19.2;8.5;0.0;13421;12.2;703.9000000000001;190.50000000000003
1;3356593;6703104;Vihti;9999;20160906;2016;9;6;3356500;6703500;12.2;17.8;3.9;0.0;22489;11.6;711.1000000000001;190.50000000000003
1;3356593;6703104;Vihti;9999;20160907;2016;9;7;3356500;6703500;16.5;21.5;13.5;0.0;8294;14.1;722.6000000000001;190.50000000000003
1;3356593;6703104;Vihti;9999;20160908;2016;9;8;3356500;6703500;13.6;18.6;10.2;0.0;15091;11.2;731.2000000000002;190.50000000000003
1;3356593;6703104;Vihti;9999;20160909;2016;9;9;3356500;6703500;12.6;18.4;5.3;0.0;17935;11.1;738.8000000000002;190.50000000000003
1;3356593;6703104;Vihti;9999;20160910;2016;9;10;3356500;6703500;14.3;20.0;9.1;0.0;7848;14.4;748.1000000000001;190.50000000000003
1;3356593;6703104;Vihti;9999;20160911;2016;9;11;3356500;6703500;15.2;21.0;10.9;0.0;17266;15.6;758.3000000000002;190.50000000000003
1;3356593;6703104;Vihti;9999;20160912;2016;9;12;3356500;6703500;14.7;18.9;11.4;0.0;17273;12.0;768.0000000000002;190.50000000000003
1;3356593;6703104;Vihti;9999;20160913;2016;9;13;3356500;6703500;12.9;18.8;5.6;0.0;13856;9.7;775.9000000000002;190.50000000000003
1;3356593;6703104;Vihti;9999;20160914;2016;9;14;3356500;6703500;11.1;17.4;4.6;0.1;13752;9.7;782.0000000000002;190.60000000000002
1;3356593;6703104;Vihti;9999;20160915;2016;9;15;3356500;6703500;12.9;17.7;6.9;0.0;5897;12.6;789.9000000000002;190.60000000000002
1;3356593;6703104;Vihti;9999;20160916;2016;9;16;3356500;6703500;10.8;14.6;6.8;0.0;14825;9.7;795.7000000000002;190.60000000000002
1;3356593;6703104;Vihti;9999;20160917;2016;9;17;3356500;6703500;9.8;12.2;7.2;0.0;5670;9.8;800.5000000000001;190.60000000000002
1;3356593;6703104;Vihti;9999;20160918;2016;9;18;3356500;6703500;9.5;14.3;3.3;0.0;13925;9.1;805.0000000000001;190.60000000000002
1;3356593;6703104;Vihti;9999;20160919;2016;9;19;3356500;6703500;10.2;14.5;3.9;0.0;5929;9.6;810.2000000000002;190.60000000000002
1;3356593;6703104;Vihti;9999;20160920;2016;9;20;3356500;6703500;9.4;15.0;4.3;0.0;11156;8.7;814.6000000000001;190.60000000000002
1;3356593;6703104;Vihti;9999;20160921;2016;9;21;3356500;6703500;9.7;15.4;3.0;0.1;11534;9.1;819.3000000000002;190.70000000000002
1;3356593;6703104;Vihti;9999;20160922;2016;9;22;3356500;6703500;9.2;12.8;4.5;0.0;7906;9.4;823.5000000000002;190.70000000000002
1;3356593;6703104;Vihti;9999;20160923;2016;9;23;3356500;6703500;7.7;10.1;3.2;0.0;6134;8.0;826.2000000000003;190.70000000000002
1;3356593;6703104;Vihti;9999;20160924;2016;9;24;3356500;6703500;8.5;10.9;5.6;0.0;6682;9.5;829.7000000000003;190.70000000000002
1;3356593;6703104;Vihti;9999;20160925;2016;9;25;3356500;6703500;11.6;15.2;7.4;0.0;4406;12.4;836.3000000000003;190.70000000000002
1;3356593;6703104;Vihti;9999;20160926;2016;9;26;3356500;6703500;13.0;17.2;9.7;0.0;7301;13.3;844.3000000000003;190.70000000000002
1;3356593;6703104;Vihti;9999;20160927;2016;9;27;3356500;6703500;12.0;16.7;8.7;0.0;6336;12.5;851.3000000000003;190.70000000000002
1;3356593;6703104;Vihti;9999;20160928;2016;9;28;3356500;6703500;11.5;13.2;9.0;6.1;2174;13.0;857.8000000000003;196.8
1;3356593;6703104;Vihti;9999;20160929;2016;9;29;3356500;6703500;12.6;14.9;9.0;9.1;7355;13.9;865.4000000000003;205.9
1;3356593;6703104;Vihti;9999;20160930;2016;9;30;3356500;6703500;11.5;15.2;9.7;0.0;5101;10.5;871.9000000000003;205.9
1;3356593;6703104;Vihti;9999;20161001;2016;10;1;3356500;6703500;9.4;14.0;7.2;0.0;7823;9.2;876.3000000000003;205.9
1;3356593;6703104;Vihti;9999;20161002;2016;10;2;3356500;6703500;8.0;14.3;1.9;0.0;9824;8.8;879.3000000000003;205.9
1;3356593;6703104;Vihti;9999;20161003;2016;10;3;3356500;6703500;6.9;12.0;0.2;0.0;9338;7.6;881.2000000000003;205.9
1;3356593;6703104;Vihti;9999;20161004;2016;10;4;3356500;6703500;5.0;7.6;1.6;0.0;6448;6.8;881.2000000000003;205.9
1;3356593;6703104;Vihti;9999;20161005;2016;10;5;3356500;6703500;5.4;9.6;1.3;0.0;9090;6.7;881.6000000000003;205.9
1;3356593;6703104;Vihti;9999;20161006;2016;10;6;3356500;6703500;5.4;9.7;0.1;0.0;7618;7.0;882.0000000000002;205.9
1;3356593;6703104;Vihti;9999;20161007;2016;10;7;3356500;6703500;5.8;10.0;0.5;0.0;10008;7.4;882.8000000000002;205.9
1;3356593;6703104;Vihti;9999;20161008;2016;10;8;3356500;6703500;7.2;9.3;5.6;0.0;5220;7.0;885.0000000000002;205.9
1;3356593;6703104;Vihti;9999;20161009;2016;10;9;3356500;6703500;5.8;7.1;4.4;0.0;2617;7.8;885.8000000000002;205.9
1;3356593;6703104;Vihti;9999;20161010;2016;10;10;3356500;6703500;5.4;8.4;1.2;0.0;4342;7.1;886.2000000000002;205.9
1;3356593;6703104;Vihti;9999;20161011;2016;10;11;3356500;6703500;4.4;5.6;2.7;0.0;2473;6.7;886.2000000000002;205.9
1;3356593;6703104;Vihti;9999;20161012;2016;10;12;3356500;6703500;2.9;4.3;1.6;0.0;3136;6.4;886.2000000000002;205.9
1;3356593;6703104;Vihti;9999;20161013;2016;10;13;3356500;6703500;0.6;2.2;-1.3;0.0;4766;5.8;886.2000000000002;205.9
1;3356593;6703104;Vihti;9999;20161014;2016;10;14;3356500;6703500;1.9;3.0;0.5;0.2;2102;6.8;886.2000000000002;206.1
1;3356593;6703104;Vihti;9999;20161015;2016;10;15;3356500;6703500;4.1;5.4;1.8;0.0;2160;7.9;886.2000000000002;206.1
1;3356593;6703104;Vihti;9999;20161016;2016;10;16;3356500;6703500;4.9;5.9;3.6;0.0;2462;7.2;886.2000000000002;206.1
1;3356593;6703104;Vihti;9999;20161017;2016;10;17;3356500;6703500;5.0;6.3;3.5;0.0;1962;6.8;886.2000000000002;206.1
1;3356593;6703104;Vihti;9999;20161018;2016;10;18;3356500;6703500;4.5;6.8;2.6;0.0;6271;6.7;886.2000000000002;206.1
1;3356593;6703104;Vihti;9999;20161019;2016;10;19;3356500;6703500;2.9;7.2;-1.3;0.0;5839;6.7;886.2000000000002;206.1
1;3356593;6703104;Vihti;9999;20161020;2016;10;20;3356500;6703500;2.8;6.2;-1.6;0.0;4064;6.5;886.2000000000002;206.1
1;3356593;6703104;Vihti;9999;20161021;2016;10;21;3356500;6703500;2.7;3.6;1.2;0.0;1660;5.5;886.2000000000002;206.1
1;3356593;6703104;Vihti;9999;20161022;2016;10;22;3356500;6703500;2.6;2.8;1.3;0.0;1750;5.3;886.2000000000002;206.1
1;3356593;6703104;Vihti;9999;20161023;2016;10;23;3356500;6703500;4.6;5.6;2.6;0.7;2196;6.7;886.2000000000002;206.79999999999998
1;3356593;6703104;Vihti;9999;20161024;2016;10;24;3356500;6703500;4.2;5.1;3.0;0.8;1526;6.7;886.2000000000002;207.6
1;3356593;6703104;Vihti;9999;20161025;2016;10;25;3356500;6703500;1.6;4.8;0.2;1.9;1012;6.1;886.2000000000002;209.5
1;3356593;6703104;Vihti;9999;20161026;2016;10;26;3356500;6703500;0.1;1.2;-2.5;0.9;1933;5.6;886.2000000000002;210.4
1;3356593;6703104;Vihti;9999;20161027;2016;10;27;3356500;6703500;5.2;7.9;-2.7;7.5;580;8.9;886.4000000000002;217.9
1;3356593;6703104;Vihti;9999;20161028;2016;10;28;3356500;6703500;7.7;8.9;5.8;6.7;464;10.0;889.1000000000003;224.6
1;3356593;6703104;Vihti;9999;20161029;2016;10;29;3356500;6703500;3.6;6.2;2.4;0.1;4230;6.8;889.1000000000003;224.7
1;3356593;6703104;Vihti;9999;20161030;2016;10;30;3356500;6703500;3.1;4.3;1.4;0.3;1462;6.7;889.1000000000003;225.0
1;3356593;6703104;Vihti;9999;20161031;2016;10;31;3356500;6703500;0.9;2.9;-1.9;0.1;2779;6.0;889.1000000000003;225.1
1;3356593;6703104;Vihti;9999;20161101;2016;11;1;3356500;6703500;-0.5;1.4;-2.9;1.1;1894;5.5;889.1000000000003;226.2
1;3356593;6703104;Vihti;9999;20161102;2016;11;2;3356500;6703500;-1.0;0.5;-2.6;1.3;1465;4.8;889.1000000000003;227.5
1;3356593;6703104;Vihti;9999;20161103;2016;11;3;3356500;6703500;-2.4;-1.3;-4.2;0.0;3222;4.3;889.1000000000003;227.5
1;3356593;6703104;Vihti;9999;20161104;2016;11;4;3356500;6703500;-3.2;-1.2;-6.1;0.0;2304;4.1;889.1000000000003;227.5
1;3356593;6703104;Vihti;9999;20161105;2016;11;5;3356500;6703500;-4.5;-3.0;-8.2;0.0;2617;3.7;889.1000000000003;227.5
1;3356593;6703104;Vihti;9999;20161106;2016;11;6;3356500;6703500;-5.7;-4.2;-9.4;0.1;3607;3.3;889.1000000000003;227.6
1;3356593;6703104;Vihti;9999;20161107;2016;11;7;3356500;6703500;-5.8;-4.9;-6.8;5.7;1260;3.3;889.1000000000003;233.29999999999998
1;3356593;6703104;Vihti;9999;20161108;2016;11;8;3356500;6703500;-7.0;-6.1;-8.4;2.1;1120;3.1;889.1000000000003;235.39999999999998
1;3356593;6703104;Vihti;9999;20161109;2016;11;9;3356500;6703500;-5.1;-4.2;-6.6;4.1;1102;3.9;889.1000000000003;239.49999999999997
1;3356593;6703104;Vihti;9999;20161110;2016;11;10;3356500;6703500;-4.7;-3.2;-7.4;1.3;1314;4.0;889.1000000000003;240.79999999999998
1;3356593;6703104;Vihti;9999;20161111;2016;11;11;3356500;6703500;-8.3;-5.3;-12.1;0.1;2513;3.0;889.1000000000003;240.89999999999998
1;3356593;6703104;Vihti;9999;20161112;2016;11;12;3356500;6703500;-3.8;-1.5;-12.6;0.0;1818;4.5;889.1000000000003;240.89999999999998
1;3356593;6703104;Vihti;9999;20161113;2016;11;13;3356500;6703500;-1.5;-0.5;-3.0;0.0;1026;5.1;889.1000000000003;240.89999999999998
1;3356593;6703104;Vihti;9999;20161114;2016;11;14;3356500;6703500;-2.9;-1.8;-5.8;0.0;1361;4.5;889.1000000000003;240.89999999999998
1;3356593;6703104;Vihti;9999;20161115;2016;11;15;3356500;6703500;-1.1;0.0;-3.1;5.0;1843;5.3;889.1000000000003;245.89999999999998
1;3356593;6703104;Vihti;9999;20161116;2016;11;16;3356500;6703500;0.9;1.4;-0.0;1.6;763;6.4;889.1000000000003;247.49999999999997
1;3356593;6703104;Vihti;9999;20161117;2016;11;17;3356500;6703500;2.8;4.0;1.0;3.1;508;7.3;889.1000000000003;250.59999999999997
1;3356593;6703104;Vihti;9999;20161118;2016;11;18;3356500;6703500;3.5;4.8;1.8;7.4;540;7.7;889.1000000000003;257.99999999999994
1;3356593;6703104;Vihti;9999;20161119;2016;11;19;3356500;6703500;5.3;6.6;4.2;4.5;1210;7.9;889.4000000000002;262.49999999999994
1;3356593;6703104;Vihti;9999;20161120;2016;11;20;3356500;6703500;3.6;5.0;1.4;7.7;641;7.7;889.4000000000002;270.19999999999993
1;3356593;6703104;Vihti;9999;20161121;2016;11;21;3356500;6703500;6.0;7.3;3.3;0.0;587;9.0;890.4000000000002;270.19999999999993
1;3356593;6703104;Vihti;9999;20161122;2016;11;22;3356500;6703500;3.9;6.6;2.4;0.2;850;7.9;890.4000000000002;270.3999999999999
1;3356593;6703104;Vihti;9999;20161123;2016;11;23;3356500;6703500;3.9;5.0;2.5;2.1;230;8.1;890.4000000000002;272.49999999999994
1;3356593;6703104;Vihti;9999;20161124;2016;11;24;3356500;6703500;2.9;5.0;-0.2;3.0;392;7.2;890.4000000000002;275.49999999999994
1;3356593;6703104;Vihti;9999;20161125;2016;11;25;3356500;6703500;-0.5;0.7;-2.2;8.6;1080;5.3;890.4000000000002;284.09999999999997
1;3356593;6703104;Vihti;9999;20161126;2016;11;26;3356500;6703500;3.0;4.8;-0.7;1.3;968;7.3;890.4000000000002;285.4
1;3356593;6703104;Vihti;9999;20161127;2016;11;27;3356500;6703500;-2.8;2.3;-4.9;0.1;641;4.0;890.4000000000002;285.5
1;3356593;6703104;Vihti;9999;20161128;2016;11;28;3356500;6703500;-4.9;-3.0;-7.0;2.8;1451;3.7;890.4000000000002;288.3
1;3356593;6703104;Vihti;9999;20161129;2016;11;29;3356500;6703500;-5.5;-1.6;-10.6;1.2;1692;4.0;890.4000000000002;289.5
1;3356593;6703104;Vihti;9999;20161130;2016;11;30;3356500;6703500;0.0;2.0;-1.6;0.0;1145;5.8;890.4000000000002;289.5
1;3356593;6703104;Vihti;9999;20161201;2016;12;1;3356500;6703500;-2.5;-0.7;-5.0;0.0;1444;4.7;890.4000000000002;289.5
1;3356593;6703104;Vihti;9999;20161202;2016;12;2;3356500;6703500;-4.0;-1.8;-5.2;0.2;439;4.5;890.4000000000002;289.7
1;3356593;6703104;Vihti;9999;20161203;2016;12;3;3356500;6703500;-6.4;-2.3;-8.0;0.0;752;3.4;890.4000000000002;289.7
1;3356593;6703104;Vihti;9999;20161204;2016;12;4;3356500;6703500;-6.7;0.5;-12.8;1.1;1192;3.9;890.4000000000002;290.8
1;3356593;6703104;Vihti;9999;20161205;2016;12;5;3356500;6703500;0.8;5.6;-0.6;0.1;1058;5.4;890.4000000000002;290.90000000000003
1;3356593;6703104;Vihti;9999;20161206;2016;12;6;3356500;6703500;-9.4;-0.7;-12.6;0.0;1141;2.6;890.4000000000002;290.90000000000003
1;3356593;6703104;Vihti;9999;20161207;2016;12;7;3356500;6703500;-2.5;1.0;-13.1;4.9;511;5.1;890.4000000000002;295.8
1;3356593;6703104;Vihti;9999;20161208;2016;12;8;3356500;6703500;0.3;1.3;-0.1;0.0;241;6.3;890.4000000000002;295.8
1;3356593;6703104;Vihti;9999;20161209;2016;12;9;3356500;6703500;0.5;2.0;-0.3;0.0;432;6.0;890.4000000000002;295.8
1;3356593;6703104;Vihti;9999;20161210;2016;12;10;3356500;6703500;-7.0;-0.4;-8.8;0.0;1044;3.2;890.4000000000002;295.8
1;3356593;6703104;Vihti;9999;20161211;2016;12;11;3356500;6703500;-10.5;-7.3;-12.1;0.0;1022;2.7;890.4000000000002;295.8
1;3356593;6703104;Vihti;9999;20161212;2016;12;12;3356500;6703500;-7.9;-2.9;-11.8;0.0;760;3.4;890.4000000000002;295.8
1;3356593;6703104;Vihti;9999;20161213;2016;12;13;3356500;6703500;-3.9;-1.8;-4.7;1.0;1123;4.4;890.4000000000002;296.8
1;3356593;6703104;Vihti;9999;20161214;2016;12;14;3356500;6703500;-2.7;-0.7;-3.9;0.0;738;4.8;890.4000000000002;296.8
1;3356593;6703104;Vihti;9999;20161215;2016;12;15;3356500;6703500;-2.1;0.6;-4.4;0.0;702;5.1;890.4000000000002;296.8
1;3356593;6703104;Vihti;9999;20161216;2016;12;16;3356500;6703500;-2.9;-0.7;-4.9;0.0;857;4.8;890.4000000000002;296.8
1;3356593;6703104;Vihti;9999;20161217;2016;12;17;3356500;6703500;-3.0;-0.3;-5.9;1.0;392;4.9;890.4000000000002;297.8
1;3356593;6703104;Vihti;9999;20161218;2016;12;18;3356500;6703500;-0.9;0.3;-1.8;0.2;374;5.8;890.4000000000002;298.0
1;3356593;6703104;Vihti;9999;20161219;2016;12;19;3356500;6703500;0.5;1.7;-0.5;0.3;184;6.3;890.4000000000002;298.3
1;3356593;6703104;Vihti;9999;20161220;2016;12;20;3356500;6703500;1.3;2.8;-0.0;0.0;212;6.8;890.4000000000002;298.3
1;3356593;6703104;Vihti;9999;20161221;2016;12;21;3356500;6703500;2.4;3.4;1.3;0.0;313;6.8;890.4000000000002;298.3
1;3356593;6703104;Vihti;9999;20161222;2016;12;22;3356500;6703500;3.2;4.4;2.3;0.1;342;6.9;890.4000000000002;298.40000000000003
1;3356593;6703104;Vihti;9999;20161223;2016;12;23;3356500;6703500;1.6;3.8;0.6;0.3;500;6.2;890.4000000000002;298.70000000000005
1;3356593;6703104;Vihti;9999;20161224;2016;12;24;3356500;6703500;1.6;4.1;-1.8;6.9;115;6.9;890.4000000000002;305.6
1;3356593;6703104;Vihti;9999;20161225;2016;12;25;3356500;6703500;1.0;2.9;0.1;0.5;518;6.1;890.4000000000002;306.1
1;3356593;6703104;Vihti;9999;20161226;2016;12;26;3356500;6703500;1.8;5.7;-0.6;0.9;720;6.7;890.4000000000002;307.0
1;3356593;6703104;Vihti;9999;20161227;2016;12;27;3356500;6703500;-0.3;1.2;-1.2;0.0;1138;5.5;890.4000000000002;307.0
1;3356593;6703104;Vihti;9999;20161228;2016;12;28;3356500;6703500;-2.1;0.4;-3.6;0.0;936;4.5;890.4000000000002;307.0
1;3356593;6703104;Vihti;9999;20161229;2016;12;29;3356500;6703500;0.7;2.7;-4.2;0.0;328;6.0;890.4000000000002;307.0
1;3356593;6703104;Vihti;9999;20161230;2016;12;30;3356500;6703500;3.1;5.0;1.6;0.0;331;7.2;890.4000000000002;307.0
1;3356593;6703104;Vihti;9999;20161231;2016;12;31;3356500;6703500;4.7;6.6;4.2;0.0;320;8.0;890.4000000000002;307.0
1;3356593;6703104;Vihti;9999;20170101;2017;1;1;3356500;6703500;-1.8;4.5;-2.2;0.0;749;5.2;0.0;0.0
1;3356593;6703104;Vihti;9999;20170102;2017;1;2;3356500;6703500;-5.6;-1.4;-5.1;2.6;450;3.9;0.0;2.6
1;3356593;6703104;Vihti;9999;20170103;2017;1;3;3356500;6703500;-9.0;-4.8;-11.3;1.1;850;3.0;0.0;3.7
1;3356593;6703104;Vihti;9999;20170104;2017;1;4;3356500;6703500;-14.4;-5.4;-18.6;0.0;835;1.7;0.0;3.7
1;3356593;6703104;Vihti;9999;20170105;2017;1;5;3356500;6703500;-19.4;-16.4;-19.2;0.0;1188;1.1;0.0;3.7
1;3356593;6703104;Vihti;9999;20170106;2017;1;6;3356500;6703500;-18.1;-16.3;-23.1;1.6;1213;1.3;0.0;5.300000000000001
1;3356593;6703104;Vihti;9999;20170107;2017;1;7;3356500;6703500;-4.0;-1.9;-17.3;3.7;284;4.4;0.0;9.0
1;3356593;6703104;Vihti;9999;20170108;2017;1;8;3356500;6703500;-1.4;-0.1;-2.9;0.0;803;5.4;0.0;9.0
1;3356593;6703104;Vihti;9999;20170109;2017;1;9;3356500;6703500;-0.3;1.0;-1.7;0.2;918;5.8;0.0;9.2
1;3356593;6703104;Vihti;9999;20170110;2017;1;10;3356500;6703500;0.9;2.2;-0.1;0.2;317;6.2;0.0;9.399999999999999
1;3356593;6703104;Vihti;9999;20170111;2017;1;11;3356500;6703500;-1.6;0.7;-4.1;0.4;295;4.5;0.0;9.799999999999999
1;3356593;6703104;Vihti;9999;20170112;2017;1;12;3356500;6703500;-3.6;-2.9;-4.6;13.3;274;4.1;0.0;23.1
1;3356593;6703104;Vihti;9999;20170113;2017;1;13;3356500;6703500;0.0;1.0;-3.2;4.7;554;6.0;0.0;27.8
1;3356593;6703104;Vihti;9999;20170114;2017;1;14;3356500;6703500;-0.3;0.5;-1.4;0.1;518;5.8;0.0;27.900000000000002
1;3356593;6703104;Vihti;9999;20170115;2017;1;15;3356500;6703500;-5.2;-1.1;-7.1;0.0;932;4.0;0.0;27.900000000000002
1;3356593;6703104;Vihti;9999;20170116;2017;1;16;3356500;6703500;-6.6;-3.5;-8.0;0.0;799;3.7;0.0;27.900000000000002
1;3356593;6703104;Vihti;9999;20170117;2017;1;17;3356500;6703500;-4.6;-2.1;-7.4;0.1;889;4.2;0.0;28.000000000000004
1;3356593;6703104;Vihti;9999;20170118;2017;1;18;3356500;6703500;0.2;1.3;-1.9;0.0;1098;6.1;0.0;28.000000000000004
1;3356593;6703104;Vihti;9999;20170119;2017;1;19;3356500;6703500;1.1;2.1;0.5;0.0;1822;6.1;0.0;28.000000000000004
1;3356593;6703104;Vihti;9999;20170120;2017;1;20;3356500;6703500;-1.7;2.2;-4.3;0.5;727;5.0;0.0;28.500000000000004
1;3356593;6703104;Vihti;9999;20170121;2017;1;21;3356500;6703500;-3.1;0.3;-5.0;0.3;1847;4.7;0.0;28.800000000000004
1;3356593;6703104;Vihti;9999;20170122;2017;1;22;3356500;6703500;-1.2;1.0;-5.6;0.0;2412;5.6;0.0;28.800000000000004
1;3356593;6703104;Vihti;9999;20170123;2017;1;23;3356500;6703500;-1.4;-0.2;-2.6;0.0;767;5.6;0.0;28.800000000000004
1;3356593;6703104;Vihti;9999;20170124;2017;1;24;3356500;6703500;-4.6;0.1;-7.2;0.0;1847;4.0;0.0;28.800000000000004
1;3356593;6703104;Vihti;9999;20170125;2017;1;25;3356500;6703500;-5.2;-2.6;-10.0;0.3;4730;3.9;0.0;29.100000000000005
1;3356593;6703104;Vihti;9999;20170126;2017;1;26;3356500;6703500;1.4;2.7;-3.0;0.0;1354;6.8;0.0;29.100000000000005
1;3356593;6703104;Vihti;9999;20170127;2017;1;27;3356500;6703500;-0.2;3.8;-2.0;0.0;2412;6.1;0.0;29.100000000000005
1;3356593;6703104;Vihti;9999;20170128;2017;1;28;3356500;6703500;-0.5;1.6;-3.7;0.7;1069;6.0;0.0;29.800000000000004
1;3356593;6703104;Vihti;9999;20170129;2017;1;29;3356500;6703500;0.0;1.3;-0.5;1.7;688;6.0;0.0;31.500000000000004
1;3356593;6703104;Vihti;9999;20170130;2017;1;30;3356500;6703500;0.5;1.3;-0.5;1.4;997;6.2;0.0;32.900000000000006
1;3356593;6703104;Vihti;9999;20170131;2017;1;31;3356500;6703500;-0.8;1.3;-0.9;0.1;2311;5.5;0.0;33.00000000000001
1;3356593;6703104;Vihti;9999;20170201;2017;2;1;3356500;6703500;-2.0;-0.5;-2.3;1.2;1102;5.0;0.0;34.20000000000001
1;3356593;6703104;Vihti;9999;20170202;2017;2;2;3356500;6703500;-1.4;-0.1;-3.1;0.2;886;5.3;0.0;34.40000000000001
1;3356593;6703104;Vihti;9999;20170203;2017;2;3;3356500;6703500;-1.9;-0.8;-2.9;0.9;997;5.4;0.0;35.30000000000001
1;3356593;6703104;Vihti;9999;20170204;2017;2;4;3356500;6703500;-0.2;0.4;-0.8;2.4;580;6.0;0.0;37.70000000000001
1;3356593;6703104;Vihti;9999;20170205;2017;2;5;3356500;6703500;-2.8;0.2;-4.3;0.0;1609;4.6;0.0;37.70000000000001
1;3356593;6703104;Vihti;9999;20170206;2017;2;6;3356500;6703500;-8.5;-4.1;-11.0;0.0;2236;2.7;0.0;37.70000000000001
1;3356593;6703104;Vihti;9999;20170207;2017;2;7;3356500;6703500;-14.1;-9.4;-16.9;0.0;3974;1.7;0.0;37.70000000000001
1;3356593;6703104;Vihti;9999;20170208;2017;2;8;3356500;6703500;-11.5;-5.3;-15.7;0.0;4010;1.8;0.0;37.70000000000001
1;3356593;6703104;Vihti;9999;20170209;2017;2;9;3356500;6703500;-12.6;-7.4;-16.3;0.0;4190;2.0;0.0;37.70000000000001
1;3356593;6703104;Vihti;9999;20170210;2017;2;10;3356500;6703500;-10.4;-6.8;-14.1;0.0;1886;2.5;0.0;37.70000000000001
1;3356593;6703104;Vihti;9999;20170211;2017;2;11;3356500;6703500;-6.7;-4.4;-12.2;0.0;1926;3.5;0.0;37.70000000000001
1;3356593;6703104;Vihti;9999;20170212;2017;2;12;3356500;6703500;-4.1;-1.5;-7.0;0.0;4216;4.0;0.0;37.70000000000001
1;3356593;6703104;Vihti;9999;20170213;2017;2;13;3356500;6703500;0.8;4.8;-3.2;0.0;4334;5.5;0.0;37.70000000000001
1;3356593;6703104;Vihti;9999;20170214;2017;2;14;3356500;6703500;2.5;6.3;0.8;0.0;4774;6.0;0.0;37.70000000000001
1;3356593;6703104;Vihti;9999;20170215;2017;2;15;3356500;6703500;-1.4;2.9;-5.7;0.0;7952;4.9;0.0;37.70000000000001
1;3356593;6703104;Vihti;9999;20170216;2017;2;16;3356500;6703500;-0.8;1.2;-3.2;0.9;4914;5.2;0.0;38.60000000000001
1;3356593;6703104;Vihti;9999;20170217;2017;2;17;3356500;6703500;0.9;1.6;-0.5;0.4;3193;6.4;0.0;39.00000000000001
1;3356593;6703104;Vihti;9999;20170218;2017;2;18;3356500;6703500;0.4;4.7;-1.8;1.3;8752;5.5;0.0;40.300000000000004
1;3356593;6703104;Vihti;9999;20170219;2017;2;19;3356500;6703500;1.1;3.0;0.3;1.4;1570;6.6;0.0;41.7
1;3356593;6703104;Vihti;9999;20170220;2017;2;20;3356500;6703500;-0.6;2.6;-1.9;2.7;2416;5.4;0.0;44.400000000000006
1;3356593;6703104;Vihti;9999;20170221;2017;2;21;3356500;6703500;-4.2;-0.7;-6.4;0.0;7369;3.7;0.0;44.400000000000006
1;3356593;6703104;Vihti;9999;20170222;2017;2;22;3356500;6703500;-6.8;-2.9;-13.3;17.2;3690;3.5;0.0;61.60000000000001
1;3356593;6703104;Vihti;9999;20170223;2017;2;23;3356500;6703500;-1.8;0.2;-4.5;0.3;3773;4.9;0.0;61.900000000000006
1;3356593;6703104;Vihti;9999;20170224;2017;2;24;3356500;6703500;-7.8;-4.2;-8.7;0.0;5033;3.0;0.0;61.900000000000006
1;3356593;6703104;Vihti;9999;20170225;2017;2;25;3356500;6703500;-6.9;-1.9;-10.5;0.2;6095;3.2;0.0;62.10000000000001
1;3356593;6703104;Vihti;9999;20170226;2017;2;26;3356500;6703500;-4.3;-0.8;-8.2;1.9;2279;4.4;0.0;64.00000000000001
1;3356593;6703104;Vihti;9999;20170227;2017;2;27;3356500;6703500;-4.1;-1.2;-7.6;0.4;8885;4.4;0.0;64.40000000000002
1;3356593;6703104;Vihti;9999;20170228;2017;2;28;3356500;6703500;1.4;3.8;-1.2;7.6;7038;6.8;0.0;72.00000000000001
1;3356593;6703104;Vihti;9999;20170301;2017;3;1;3356500;6703500;0.7;2.9;0.1;4.3;6368;6.5;0.0;76.30000000000001
1;3356593;6703104;Vihti;9999;20170302;2017;3;2;3356500;6703500;0.3;2.5;-0.0;0.2;3452;6.3;0.0;76.50000000000001
1;3356593;6703104;Vihti;9999;20170303;2017;3;3;3356500;6703500;-0.5;2.3;-0.1;1.2;3503;6.0;0.0;77.70000000000002
1;3356593;6703104;Vihti;9999;20170304;2017;3;4;3356500;6703500;-4.5;0.4;-5.5;0.3;3773;4.2;0.0;78.00000000000001
1;3356593;6703104;Vihti;9999;20170305;2017;3;5;3356500;6703500;-6.1;-1.1;-9.3;0.0;8532;2.9;0.0;78.00000000000001
1;3356593;6703104;Vihti;9999;20170306;2017;3;6;3356500;6703500;-5.6;-1.4;-9.6;0.0;9148;2.8;0.0;78.00000000000001
1;3356593;6703104;Vihti;9999;20170307;2017;3;7;3356500;6703500;-4.2;-1.4;-5.6;4.2;3524;3.4;0.0;82.20000000000002
1;3356593;6703104;Vihti;9999;20170308;2017;3;8;3356500;6703500;-1.4;0.2;-4.0;3.4;2149;5.4;0.0;85.60000000000002
1;3356593;6703104;Vihti;9999;20170309;2017;3;9;3356500;6703500;0.0;1.9;-1.8;2.2;3841;5.8;0.0;87.80000000000003
1;3356593;6703104;Vihti;9999;20170310;2017;3;10;3356500;6703500;0.3;3.3;-1.2;0.1;4583;6.2;0.0;87.90000000000002
1;3356593;6703104;Vihti;9999;20170311;2017;3;11;3356500;6703500;0.5;4.9;-1.5;0.0;9842;5.5;0.0;87.90000000000002
1;3356593;6703104;Vihti;9999;20170312;2017;3;12;3356500;6703500;-0.8;4.2;-5.1;0.0;10242;5.1;0.0;87.90000000000002
1;3356593;6703104;Vihti;9999;20170313;2017;3;13;3356500;6703500;1.7;4.5;-0.7;0.0;6541;5.9;0.0;87.90000000000002
1;3356593;6703104;Vihti;9999;20170314;2017;3;14;3356500;6703500;0.7;2.3;-0.2;5.0;4043;5.9;0.0;92.90000000000002
1;3356593;6703104;Vihti;9999;20170315;2017;3;15;3356500;6703500;3.5;6.9;0.3;0.0;7902;6.1;0.0;92.90000000000002
1;3356593;6703104;Vihti;9999;20170316;2017;3;16;3356500;6703500;2.1;7.2;-0.6;1.2;11358;5.1;0.0;94.10000000000002
1;3356593;6703104;Vihti;9999;20170317;2017;3;17;3356500;6703500;1.4;3.9;0.3;2.6;3089;6.5;0.0;96.70000000000002
1;3356593;6703104;Vihti;9999;20170318;2017;3;18;3356500;6703500;0.7;3.7;-0.9;0.3;7603;6.1;0.0;97.00000000000001
1;3356593;6703104;Vihti;9999;20170319;2017;3;19;3356500;6703500;-0.5;3.6;-1.6;0.2;8878;5.6;0.0;97.20000000000002
1;3356593;6703104;Vihti;9999;20170320;2017;3;20;3356500;6703500;-1.6;3.6;-4.8;0.3;14159;4.6;0.0;97.50000000000001
1;3356593;6703104;Vihti;9999;20170321;2017;3;21;3356500;6703500;0.9;2.8;-0.9;7.9;2992;6.4;0.0;105.40000000000002
1;3356593;6703104;Vihti;9999;20170322;2017;3;22;3356500;6703500;1.7;3.4;0.8;0.0;3920;6.6;0.0;105.40000000000002
1;3356593;6703104;Vihti;9999;20170323;2017;3;23;3356500;6703500;1.1;5.9;-1.0;0.0;13190;4.8;0.0;105.40000000000002
1;3356593;6703104;Vihti;9999;20170324;2017;3;24;3356500;6703500;-0.6;3.9;-2.6;0.6;11855;4.1;0.0;106.00000000000001
1;3356593;6703104;Vihti;9999;20170325;2017;3;25;3356500;6703500;0.6;4.5;-2.5;0.0;6570;5.7;0.0;106.00000000000001
1;3356593;6703104;Vihti;9999;20170326;2017;3;26;3356500;6703500;3.8;11.4;-3.1;0.1;6394;5.8;0.0;106.10000000000001
1;3356593;6703104;Vihti;9999;20170327;2017;3;27;3356500;6703500;5.4;10.5;1.7;0.1;11239;5.5;0.40000000000000036;106.2
1;3356593;6703104;Vihti;9999;20170328;2017;3;28;3356500;6703500;1.0;7.5;-0.0;0.0;16578;3.5;0.40000000000000036;106.2
1;3356593;6703104;Vihti;9999;20170329;2017;3;29;3356500;6703500;-1.3;3.7;-5.1;0.6;17309;3.3;0.40000000000000036;106.8
1;3356593;6703104;Vihti;9999;20170330;2017;3;30;3356500;6703500;-1.5;4.0;-6.1;2.0;19861;3.3;0.40000000000000036;108.8
1;3356593;6703104;Vihti;9999;20170331;2017;3;31;3356500;6703500;-1.0;2.3;-1.0;0.1;8550;5.5;0.40000000000000036;108.89999999999999
1;3356593;6703104;Vihti;9999;20170401;2017;4;1;3356500;6703500;0.6;4.3;-3.5;2.9;2837;6.5;0.40000000000000036;111.8
1;3356593;6703104;Vihti;9999;20170402;2017;4;2;3356500;6703500;3.7;6.2;3.0;0.0;8658;8.2;0.40000000000000036;111.8
1;3356593;6703104;Vihti;9999;20170403;2017;4;3;3356500;6703500;2.3;5.5;2.1;0.0;7214;6.6;0.40000000000000036;111.8
1;3356593;6703104;Vihti;9999;20170404;2017;4;4;3356500;6703500;2.8;7.1;-0.4;0.5;9824;6.9;0.40000000000000036;112.3
1;3356593;6703104;Vihti;9999;20170405;2017;4;5;3356500;6703500;3.2;7.9;1.9;0.4;6340;7.1;0.40000000000000036;112.7
1;3356593;6703104;Vihti;9999;20170406;2017;4;6;3356500;6703500;3.5;10.0;-1.9;0.0;15739;5.7;0.40000000000000036;112.7
1;3356593;6703104;Vihti;9999;20170407;2017;4;7;3356500;6703500;2.5;7.9;-0.8;2.6;12258;6.3;0.40000000000000036;115.3
1;3356593;6703104;Vihti;9999;20170408;2017;4;8;3356500;6703500;1.9;7.1;-2.6;0.0;19714;4.7;0.40000000000000036;115.3
1;3356593;6703104;Vihti;9999;20170409;2017;4;9;3356500;6703500;3.3;9.4;-1.5;0.0;17514;7.0;0.40000000000000036;115.3
1;3356593;6703104;Vihti;9999;20170410;2017;4;10;3356500;6703500;5.5;12.4;0.6;3.3;19976;8.0;0.9000000000000004;118.6
1;3356593;6703104;Vihti;9999;20170411;2017;4;11;3356500;6703500;3.0;7.5;0.6;0.1;11185;5.8;0.9000000000000004;118.69999999999999
1;3356593;6703104;Vihti;9999;20170412;2017;4;12;3356500;6703500;1.5;6.1;-2.3;0.1;12942;4.9;0.9000000000000004;118.79999999999998
1;3356593;6703104;Vihti;9999;20170413;2017;4;13;3356500;6703500;0.6;3.8;-0.6;0.2;11416;4.6;0.9000000000000004;118.99999999999999
1;3356593;6703104;Vihti;9999;20170414;2017;4;14;3356500;6703500;-2.0;2.2;-4.7;0.0;20117;3.1;0.9000000000000004;118.99999999999999
1;3356593;6703104;Vihti;9999;20170415;2017;4;15;3356500;6703500;-2.7;1.6;-6.6;0.1;19256;3.3;0.9000000000000004;119.09999999999998
1;3356593;6703104;Vihti;9999;20170416;2017;4;16;3356500;6703500;-2.2;1.5;-5.6;0.0;22968;2.8;0.9000000000000004;119.09999999999998
1;3356593;6703104;Vihti;9999;20170417;2017;4;17;3356500;6703500;-0.7;3.8;-4.1;0.0;16182;3.0;0.9000000000000004;119.09999999999998
1;3356593;6703104;Vihti;9999;20170418;2017;4;18;3356500;6703500;-0.7;4.2;-4.6;0.0;21125;3.0;0.9000000000000004;119.09999999999998
1;3356593;6703104;Vihti;9999;20170419;2017;4;19;3356500;6703500;0.1;6.0;-6.3;0.0;15210;3.5;0.9000000000000004;119.09999999999998
1;3356593;6703104;Vihti;9999;20170420;2017;4;20;3356500;6703500;1.7;7.7;-3.6;3.4;19080;5.6;0.9000000000000004;122.49999999999999
1;3356593;6703104;Vihti;9999;20170421;2017;4;21;3356500;6703500;5.3;9.9;1.4;0.7;13799;6.4;1.2000000000000002;123.19999999999999
1;3356593;6703104;Vihti;9999;20170422;2017;4;22;3356500;6703500;3.1;7.4;-0.8;1.5;15898;5.9;1.2000000000000002;124.69999999999999
1;3356593;6703104;Vihti;9999;20170423;2017;4;23;3356500;6703500;2.4;8.1;0.7;0.1;18349;5.4;1.2000000000000002;124.79999999999998
1;3356593;6703104;Vihti;9999;20170424;2017;4;24;3356500;6703500;2.0;7.7;-2.5;7.3;17730;5.6;1.2000000000000002;132.1
1;3356593;6703104;Vihti;9999;20170425;2017;4;25;3356500;6703500;2.2;6.3;-1.0;1.1;12722;6.4;1.2000000000000002;133.2
1;3356593;6703104;Vihti;9999;20170426;2017;4;26;3356500;6703500;2.6;8.5;-0.5;0.8;17860;6.1;1.2000000000000002;134.0
1;3356593;6703104;Vihti;9999;20170427;2017;4;27;3356500;6703500;3.1;9.1;0.2;0.4;16466;5.7;1.2000000000000002;134.4
1;3356593;6703104;Vihti;9999;20170428;2017;4;28;3356500;6703500;4.1;10.1;-3.2;0.0;19537;5.2;1.2000000000000002;134.4
1;3356593;6703104;Vihti;9999;20170429;2017;4;29;3356500;6703500;2.1;6.3;0.3;7.2;9061;5.6;1.2000000000000002;141.6
1;3356593;6703104;Vihti;9999;20170430;2017;4;30;3356500;6703500;1.1;5.0;0.4;0.8;11243;6.2;1.2000000000000002;142.4
1;3356593;6703104;Vihti;9999;20170501;2017;5;1;3356500;6703500;7.1;13.7;-0.2;0.0;21604;5.9;3.3;142.4
1;3356593;6703104;Vihti;9999;20170502;2017;5;2;3356500;6703500;8.2;14.8;-1.1;0.0;22961;5.4;6.499999999999999;142.4
1;3356593;6703104;Vihti;9999;20170503;2017;5;3;3356500;6703500;7.7;13.5;0.6;0.0;23281;5.1;9.2;142.4
1;3356593;6703104;Vihti;9999;20170504;2017;5;4;3356500;6703500;6.5;12.4;-0.1;0.0;24818;5.3;10.7;142.4
1;3356593;6703104;Vihti;9999;20170505;2017;5;5;3356500;6703500;9.4;17.4;-0.6;0.0;24620;7.0;15.1;142.4
1;3356593;6703104;Vihti;9999;20170506;2017;5;6;3356500;6703500;10.0;15.4;5.8;0.0;23033;6.5;20.1;142.4
1;3356593;6703104;Vihti;9999;20170507;2017;5;7;3356500;6703500;5.8;10.4;0.1;0.0;21089;4.4;20.900000000000002;142.4
1;3356593;6703104;Vihti;9999;20170508;2017;5;8;3356500;6703500;3.3;7.7;0.4;0.0;22777;4.4;20.900000000000002;142.4
1;3356593;6703104;Vihti;9999;20170509;2017;5;9;3356500;6703500;1.0;5.4;-1.6;0.1;13068;4.2;20.900000000000002;142.5
1;3356593;6703104;Vihti;9999;20170510;2017;5;10;3356500;6703500;0.8;6.1;-3.3;1.6;18666;5.3;20.900000000000002;144.1
1;3356593;6703104;Vihti;9999;20170511;2017;5;11;3356500;6703500;2.3;7.9;-3.7;0.5;22043;4.8;20.900000000000002;144.6
1;3356593;6703104;Vihti;9999;20170512;2017;5;12;3356500;6703500;4.2;10.1;-3.6;0.0;27457;4.1;20.900000000000002;144.6
1;3356593;6703104;Vihti;9999;20170513;2017;5;13;3356500;6703500;6.6;13.2;-2.1;0.0;20426;4.1;22.5;144.6
1;3356593;6703104;Vihti;9999;20170514;2017;5;14;3356500;6703500;9.0;16.8;-1.3;0.0;25337;5.6;26.5;144.6
1;3356593;6703104;Vihti;9999;20170515;2017;5;15;3356500;6703500;7.8;13.3;6.6;0.4;17082;6.7;29.3;145.0
1;3356593;6703104;Vihti;9999;20170516;2017;5;16;3356500;6703500;6.5;14.2;-1.0;0.0;26327;5.5;30.8;145.0
1;3356593;6703104;Vihti;9999;20170517;2017;5;17;3356500;6703500;8.3;12.9;1.3;0.3;8014;7.7;34.1;145.3
1;3356593;6703104;Vihti;9999;20170518;2017;5;18;3356500;6703500;11.4;16.5;8.5;0.0;6401;11.9;40.5;145.3
1;3356593;6703104;Vihti;9999;20170519;2017;5;19;3356500;6703500;17.3;25.3;8.7;0.5;24829;11.6;52.8;145.8
1;3356593;6703104;Vihti;9999;20170520;2017;5;20;3356500;6703500;17.0;22.2;13.2;0.0;21269;11.0;64.8;145.8
1;3356593;6703104;Vihti;9999;20170521;2017;5;21;3356500;6703500;14.7;21.1;6.7;0.0;25690;9.5;74.5;145.8
1;3356593;6703104;Vihti;9999;20170522;2017;5;22;3356500;6703500;14.3;21.5;6.9;0.0;22082;9.5;83.8;145.8
1;3356593;6703104;Vihti;9999;20170523;2017;5;23;3356500;6703500;13.2;19.2;6.0;0.1;25981;9.3;92.0;145.9
1;3356593;6703104;Vihti;9999;20170524;2017;5;24;3356500;6703500;13.3;18.7;8.6;0.0;28724;10.3;100.3;145.9
1;3356593;6703104;Vihti;9999;20170525;2017;5;25;3356500;6703500;13.2;19.9;6.5;0.1;28494;8.5;108.5;146.0
1;3356593;6703104;Vihti;9999;20170526;2017;5;26;3356500;6703500;13.3;19.2;6.2;1.1;23450;8.2;116.8;147.1
1;3356593;6703104;Vihti;9999;20170527;2017;5;27;3356500;6703500;9.6;15.5;4.2;0.0;12222;6.5;121.39999999999999;147.1
1;3356593;6703104;Vihti;9999;20170528;2017;5;28;3356500;6703500;14.5;22.5;7.2;4.1;23148;11.3;130.89999999999998;151.2
1;3356593;6703104;Vihti;9999;20170529;2017;5;29;3356500;6703500;13.6;18.9;12.3;0.0;27990;10.2;139.49999999999997;151.2
1;3356593;6703104;Vihti;9999;20170530;2017;5;30;3356500;6703500;9.6;15.3;2.2;6.9;26096;8.2;144.09999999999997;158.1
1;3356593;6703104;Vihti;9999;20170531;2017;5;31;3356500;6703500;9.4;14.8;6.7;0.5;8834;9.7;148.49999999999997;158.6
1;3356593;6703104;Vihti;9999;20170601;2017;6;1;3356500;6703500;5.7;10.9;2.7;1.6;20513;7.0;149.19999999999996;160.2
1;3356593;6703104;Vihti;9999;20170602;2017;6;2;3356500;6703500;6.0;9.4;1.8;0.0;17953;6.0;150.19999999999996;160.2
1;3356593;6703104;Vihti;9999;20170603;2017;6;3;3356500;6703500;9.6;15.7;2.8;0.0;30780;5.8;154.79999999999995;160.2
1;3356593;6703104;Vihti;9999;20170604;2017;6;4;3356500;6703500;10.8;17.1;2.2;0.1;26453;5.8;160.59999999999997;160.29999999999998
1;3356593;6703104;Vihti;9999;20170605;2017;6;5;3356500;6703500;10.0;12.8;7.3;5.1;6138;10.6;165.59999999999997;165.39999999999998
1;3356593;6703104;Vihti;9999;20170606;2017;6;6;3356500;6703500;13.6;20.6;7.4;0.0;23465;11.4;174.19999999999996;165.39999999999998
1;3356593;6703104;Vihti;9999;20170607;2017;6;7;3356500;6703500;16.6;22.1;7.1;3.5;35284;10.4;185.79999999999995;168.89999999999998
1;3356593;6703104;Vihti;9999;20170608;2017;6;8;3356500;6703500;11.4;19.1;10.6;17.0;3308;13.3;192.19999999999996;185.89999999999998
1;3356593;6703104;Vihti;9999;20170609;2017;6;9;3356500;6703500;12.7;18.7;9.4;0.1;22702;12.4;199.89999999999995;185.99999999999997
1;3356593;6703104;Vihti;9999;20170610;2017;6;10;3356500;6703500;15.4;21.7;8.4;0.0;29362;12.7;210.29999999999995;185.99999999999997
1;3356593;6703104;Vihti;9999;20170611;2017;6;11;3356500;6703500;16.2;22.2;11.3;3.7;27662;13.3;221.49999999999994;189.69999999999996
1;3356593;6703104;Vihti;9999;20170612;2017;6;12;3356500;6703500;12.4;16.9;10.5;13.6;3341;14.3;228.89999999999995;203.29999999999995
1;3356593;6703104;Vihti;9999;20170613;2017;6;13;3356500;6703500;11.8;15.8;9.9;2.6;8950;12.8;235.69999999999996;205.89999999999995
1;3356593;6703104;Vihti;9999;20170614;2017;6;14;3356500;6703500;13.2;19.7;5.9;0.0;26183;9.2;243.89999999999995;205.89999999999995
1;3356593;6703104;Vihti;9999;20170615;2017;6;15;3356500;6703500;16.0;22.5;6.6;0.0;29405;10.2;254.89999999999995;205.89999999999995
1;3356593;6703104;Vihti;9999;20170616;2017;6;16;3356500;6703500;17.4;23.4;9.1;0.0;32008;11.8;267.29999999999995;205.89999999999995
1;3356593;6703104;Vihti;9999;20170617;2017;6;17;3356500;6703500;18.6;24.6;11.6;0.0;36659;12.6;280.9;205.89999999999995
1;3356593;6703104;Vihti;9999;20170618;2017;6;18;3356500;6703500;17.1;22.2;12.1;0.3;21899;13.9;293.0;206.19999999999996
1;3356593;6703104;Vihti;9999;20170619;2017;6;19;3356500;6703500;17.0;22.0;13.7;7.8;26698;10.3;305.0;213.99999999999997
1;3356593;6703104;Vihti;9999;20170620;2017;6;20;3356500;6703500;11.5;16.9;9.4;3.6;10825;11.9;311.5;217.59999999999997
1;3356593;6703104;Vihti;9999;20170621;2017;6;21;3356500;6703500;11.7;17.1;7.7;2.6;23947;10.4;318.2;220.19999999999996
1;3356593;6703104;Vihti;9999;20170622;2017;6;22;3356500;6703500;11.8;17.3;7.5;1.6;24332;10.4;325.0;221.79999999999995
1;3356593;6703104;Vihti;9999;20170623;2017;6;23;3356500;6703500;10.6;15.7;5.4;0.0;25614;9.1;330.6;221.79999999999995
1;3356593;6703104;Vihti;9999;20170624;2017;6;24;3356500;6703500;11.7;16.5;6.3;5.2;23749;11.0;337.3;226.99999999999994
1;3356593;6703104;Vihti;9999;20170625;2017;6;25;3356500;6703500;13.9;18.1;10.0;0.0;22219;12.8;346.2;226.99999999999994
1;3356593;6703104;Vihti;9999;20170626;2017;6;26;3356500;6703500;12.5;15.8;10.0;6.5;26467;12.2;353.7;233.49999999999994
1;3356593;6703104;Vihti;9999;20170627;2017;6;27;3356500;6703500;13.0;16.7;9.4;0.3;19883;11.9;361.7;233.79999999999995
1;3356593;6703104;Vihti;9999;20170628;2017;6;28;3356500;6703500;14.3;19.5;8.9;0.0;28591;9.1;371.0;233.79999999999995
1;3356593;6703104;Vihti;9999;20170629;2017;6;29;3356500;6703500;16.1;20.8;6.4;0.0;33012;9.6;382.1;233.79999999999995
1;3356593;6703104;Vihti;9999;20170630;2017;6;30;3356500;6703500;17.0;21.1;12.3;0.0;32623;11.0;394.1;233.79999999999995
1;3356593;6703104;Vihti;9999;20170701;2017;7;1;3356500;6703500;14.9;19.7;12.8;0.1;18778;12.4;404.0;233.89999999999995
1;3356593;6703104;Vihti;9999;20170702;2017;7;2;3356500;6703500;16.3;19.8;12.6;0.5;19080;12.5;415.3;234.39999999999995
1;3356593;6703104;Vihti;9999;20170703;2017;7;3;3356500;6703500;14.3;18.5;12.2;1.4;8816;13.9;424.6;235.79999999999995
1;3356593;6703104;Vihti;9999;20170704;2017;7;4;3356500;6703500;13.2;17.5;9.1;2.7;18324;13.3;432.8;238.49999999999994
1;3356593;6703104;Vihti;9999;20170705;2017;7;5;3356500;6703500;13.4;17.6;10.8;0.1;17921;11.3;441.2;238.59999999999994
1;3356593;6703104;Vihti;9999;20170706;2017;7;6;3356500;6703500;10.9;16.4;7.3;0.3;16337;9.6;447.09999999999997;238.89999999999995
1;3356593;6703104;Vihti;9999;20170707;2017;7;7;3356500;6703500;14.4;20.5;5.7;0.0;22273;9.2;456.49999999999994;238.89999999999995
1;3356593;6703104;Vihti;9999;20170708;2017;7;8;3356500;6703500;16.2;22.0;7.7;0.0;25776;10.9;467.69999999999993;238.89999999999995
1;3356593;6703104;Vihti;9999;20170709;2017;7;9;3356500;6703500;16.9;22.1;10.2;0.1;20570;11.7;479.5999999999999;238.99999999999994
1;3356593;6703104;Vihti;9999;20170710;2017;7;10;3356500;6703500;17.2;22.8;9.8;0.0;26143;13.9;491.7999999999999;238.99999999999994
1;3356593;6703104;Vihti;9999;20170711;2017;7;11;3356500;6703500;16.5;19.9;11.5;6.5;9284;16.2;503.2999999999999;245.49999999999994
1;3356593;6703104;Vihti;9999;20170712;2017;7;12;3356500;6703500;17.0;21.8;15.5;0.0;11171;17.0;515.3;245.49999999999994
1;3356593;6703104;Vihti;9999;20170713;2017;7;13;3356500;6703500;13.8;18.3;12.1;4.2;6109;14.5;524.0999999999999;249.69999999999993
1;3356593;6703104;Vihti;9999;20170714;2017;7;14;3356500;6703500;13.9;19.5;9.8;0.0;26687;10.4;532.9999999999999;249.69999999999993
1;3356593;6703104;Vihti;9999;20170715;2017;7;15;3356500;6703500;15.4;21.5;5.8;0.0;31424;10.1;543.3999999999999;249.69999999999993
1;3356593;6703104;Vihti;9999;20170716;2017;7;16;3356500;6703500;16.8;23.2;7.8;0.0;25614;10.1;555.1999999999998;249.69999999999993
1;3356593;6703104;Vihti;9999;20170717;2017;7;17;3356500;6703500;14.3;19.5;9.9;5.7;7913;14.6;564.4999999999998;255.39999999999992
1;3356593;6703104;Vihti;9999;20170718;2017;7;18;3356500;6703500;14.4;20.1;8.6;0.7;20192;11.3;573.8999999999997;256.0999999999999
1;3356593;6703104;Vihti;9999;20170719;2017;7;19;3356500;6703500;12.5;16.2;8.7;1.0;13597;12.2;581.3999999999997;257.0999999999999
1;3356593;6703104;Vihti;9999;20170720;2017;7;20;3356500;6703500;14.2;19.0;10.6;0.3;16722;12.1;590.5999999999998;257.3999999999999
1;3356593;6703104;Vihti;9999;20170721;2017;7;21;3356500;6703500;14.5;19.9;8.0;0.2;21046;11.7;600.0999999999998;257.5999999999999
1;3356593;6703104;Vihti;9999;20170722;2017;7;22;3356500;6703500;14.8;21.0;8.0;3.9;18292;13.2;609.8999999999997;261.4999999999999
1;3356593;6703104;Vihti;9999;20170723;2017;7;23;3356500;6703500;16.4;22.2;8.9;0.0;18688;12.5;621.2999999999997;261.4999999999999
1;3356593;6703104;Vihti;9999;20170724;2017;7;24;3356500;6703500;14.6;19.2;9.4;0.3;11851;14.0;630.8999999999997;261.7999999999999
1;3356593;6703104;Vihti;9999;20170725;2017;7;25;3356500;6703500;15.2;18.7;12.7;0.0;13565;14.9;641.0999999999998;261.7999999999999
1;3356593;6703104;Vihti;9999;20170726;2017;7;26;3356500;6703500;16.8;22.6;11.1;0.0;19822;14.7;652.8999999999997;261.7999999999999
1;3356593;6703104;Vihti;9999;20170727;2017;7;27;3356500;6703500;17.8;23.1;11.2;2.0;33289;14.4;665.6999999999997;263.7999999999999
1;3356593;6703104;Vihti;9999;20170728;2017;7;28;3356500;6703500;18.3;25.0;14.3;0.4;19372;17.5;678.9999999999997;264.1999999999999
1;3356593;6703104;Vihti;9999;20170729;2017;7;29;3356500;6703500;17.4;22.2;13.5;0.2;22468;15.8;691.3999999999996;264.39999999999986
1;3356593;6703104;Vihti;9999;20170730;2017;7;30;3356500;6703500;17.5;22.9;11.1;1.5;17226;15.5;703.8999999999996;265.89999999999986
1;3356593;6703104;Vihti;9999;20170731;2017;7;31;3356500;6703500;16.9;21.9;12.4;0.3;13518;17.2;715.7999999999996;266.1999999999999
1;3356593;6703104;Vihti;9999;20170801;2017;8;1;3356500;6703500;17.8;23.1;13.3;15.2;21874;15.3;728.5999999999996;281.39999999999986
1;3356593;6703104;Vihti;9999;20170802;2017;8;2;3356500;6703500;16.4;20.6;14.6;5.2;7682;16.8;739.9999999999995;286.59999999999985
1;3356593;6703104;Vihti;9999;20170803;2017;8;3;3356500;6703500;17.0;22.2;12.0;8.2;24080;14.1;751.9999999999995;294.79999999999984
1;3356593;6703104;Vihti;9999;20170804;2017;8;4;3356500;6703500;15.4;18.8;12.4;11.5;9180;16.4;762.3999999999995;306.29999999999984
1;3356593;6703104;Vihti;9999;20170805;2017;8;5;3356500;6703500;16.5;20.4;13.9;2.9;15664;16.4;773.8999999999995;309.1999999999998
1;3356593;6703104;Vihti;9999;20170806;2017;8;6;3356500;6703500;15.1;18.2;13.6;9.7;15084;16.0;783.9999999999995;318.8999999999998
1;3356593;6703104;Vihti;9999;20170807;2017;8;7;3356500;6703500;14.6;18.3;12.9;3.7;14512;15.1;793.5999999999996;322.5999999999998
1;3356593;6703104;Vihti;9999;20170808;2017;8;8;3356500;6703500;15.7;21.9;8.5;0.1;17323;13.8;804.2999999999996;322.6999999999998
1;3356593;6703104;Vihti;9999;20170809;2017;8;9;3356500;6703500;17.1;22.3;10.4;0.3;30503;14.6;816.3999999999996;322.99999999999983
1;3356593;6703104;Vihti;9999;20170810;2017;8;10;3356500;6703500;18.0;22.5;14.6;0.3;16423;16.3;829.3999999999996;323.29999999999984
1;3356593;6703104;Vihti;9999;20170811;2017;8;11;3356500;6703500;17.8;23.2;12.1;0.1;20642;16.0;842.1999999999996;323.39999999999986
1;3356593;6703104;Vihti;9999;20170812;2017;8;12;3356500;6703500;18.8;24.9;13.0;11.2;20239;19.1;855.9999999999995;334.59999999999985
1;3356593;6703104;Vihti;9999;20170813;2017;8;13;3356500;6703500;17.0;19.9;15.4;38.0;12028;16.4;867.9999999999995;372.59999999999985
1;3356593;6703104;Vihti;9999;20170814;2017;8;14;3356500;6703500;14.8;20.9;7.9;0.0;19919;11.4;877.7999999999995;372.59999999999985
1;3356593;6703104;Vihti;9999;20170815;2017;8;15;3356500;6703500;15.3;20.5;7.9;0.0;22741;12.5;888.0999999999995;372.59999999999985
1;3356593;6703104;Vihti;9999;20170816;2017;8;16;3356500;6703500;16.2;20.7;9.9;0.1;13788;15.6;899.2999999999995;372.6999999999999
1;3356593;6703104;Vihti;9999;20170817;2017;8;17;3356500;6703500;17.4;20.3;15.0;1.0;5472;17.8;911.6999999999995;373.6999999999999
1;3356593;6703104;Vihti;9999;20170818;2017;8;18;3356500;6703500;17.1;20.9;13.6;1.6;23220;17.0;923.7999999999995;375.2999999999999
1;3356593;6703104;Vihti;9999;20170819;2017;8;19;3356500;6703500;17.1;21.1;14.4;1.7;10847;18.4;935.8999999999995;376.9999999999999
1;3356593;6703104;Vihti;9999;20170820;2017;8;20;3356500;6703500;16.1;20.1;13.9;0.0;31792;14.9;946.9999999999995;376.9999999999999
1;3356593;6703104;Vihti;9999;20170821;2017;8;21;3356500;6703500;15.3;19.2;11.5;0.6;12064;15.1;957.2999999999995;377.5999999999999
1;3356593;6703104;Vihti;9999;20170822;2017;8;22;3356500;6703500;13.2;17.5;10.0;5.3;14706;14.2;965.4999999999995;382.8999999999999
1;3356593;6703104;Vihti;9999;20170823;2017;8;23;3356500;6703500;12.6;16.0;8.4;0.0;18853;12.7;973.0999999999996;382.8999999999999
1;3356593;6703104;Vihti;9999;20170824;2017;8;24;3356500;6703500;12.4;16.6;9.0;0.1;20754;11.2;980.4999999999995;382.99999999999994
1;3356593;6703104;Vihti;9999;20170825;2017;8;25;3356500;6703500;11.0;13.8;6.2;1.4;10490;11.5;986.4999999999995;384.3999999999999
1;3356593;6703104;Vihti;9999;20170826;2017;8;26;3356500;6703500;10.0;14.3;4.9;0.9;12168;10.7;991.4999999999995;385.2999999999999
1;3356593;6703104;Vihti;9999;20170827;2017;8;27;3356500;6703500;10.0;14.5;5.0;0.1;13741;10.2;996.4999999999995;385.3999999999999
1;3356593;6703104;Vihti;9999;20170828;2017;8;28;3356500;6703500;10.8;15.5;5.0;0.0;16373;10.8;1002.2999999999995;385.3999999999999
1;3356593;6703104;Vihti;9999;20170829;2017;8;29;3356500;6703500;13.3;17.5;5.0;0.0;9886;13.8;1010.5999999999995;385.3999999999999
1;3356593;6703104;Vihti;9999;20170830;2017;8;30;3356500;6703500;16.0;19.0;14.2;1.4;9731;16.5;1021.5999999999995;386.7999999999999
1;3356593;6703104;Vihti;9999;20170831;2017;8;31;3356500;6703500;15.7;17.3;13.4;9.0;3366;17.3;1032.2999999999995;395.7999999999999
1;3356593;6703104;Vihti;9999;20170901;2017;9;1;3356500;6703500;14.6;17.0;11.6;0.2;12442;14.4;1041.8999999999994;395.9999999999999
1;3356593;6703104;Vihti;9999;20170902;2017;9;2;3356500;6703500;12.3;15.0;7.1;0.0;12895;12.9;1049.1999999999994;395.9999999999999
1;3356593;6703104;Vihti;9999;20170903;2017;9;3;3356500;6703500;12.3;16.2;9.8;0.0;8759;10.9;1056.4999999999993;395.9999999999999
1;3356593;6703104;Vihti;9999;20170904;2017;9;4;3356500;6703500;11.0;16.0;6.5;0.0;16888;9.6;1062.4999999999993;395.9999999999999
1;3356593;6703104;Vihti;9999;20170905;2017;9;5;3356500;6703500;10.3;15.3;6.8;0.0;21726;9.7;1067.7999999999993;395.9999999999999
1;3356593;6703104;Vihti;9999;20170906;2017;9;6;3356500;6703500;9.7;14.4;3.8;0.0;12514;9.2;1072.4999999999993;395.9999999999999
1;3356593;6703104;Vihti;9999;20170907;2017;9;7;3356500;6703500;9.6;11.9;7.8;1.8;2531;10.9;1077.0999999999992;397.7999999999999
1;3356593;6703104;Vihti;9999;20170908;2017;9;8;3356500;6703500;9.9;12.6;7.7;4.7;4932;11.4;1081.9999999999993;402.4999999999999
1;3356593;6703104;Vihti;9999;20170909;2017;9;9;3356500;6703500;12.7;14.9;8.7;15.2;2380;14.5;1089.6999999999994;417.6999999999999
1;3356593;6703104;Vihti;9999;20170910;2017;9;10;3356500;6703500;14.3;16.1;13.4;5.1;4151;15.7;1098.9999999999993;422.7999999999999
1;3356593;6703104;Vihti;9999;20170911;2017;9;11;3356500;6703500;13.9;17.6;11.0;13.7;13295;14.3;1107.8999999999994;436.4999999999999
1;3356593;6703104;Vihti;9999;20170912;2017;9;12;3356500;6703500;14.2;17.6;11.0;4.7;16114;15.5;1117.0999999999995;441.1999999999999
1;3356593;6703104;Vihti;9999;20170913;2017;9;13;3356500;6703500;13.6;17.5;10.8;2.6;10033;14.0;1125.6999999999994;443.7999999999999
1;3356593;6703104;Vihti;9999;20170914;2017;9;14;3356500;6703500;12.4;14.4;9.4;1.6;5314;13.5;1133.0999999999995;445.3999999999999
1;3356593;6703104;Vihti;9999;20170915;2017;9;15;3356500;6703500;11.7;15.3;8.9;0.2;8870;11.8;1139.7999999999995;445.5999999999999
1;3356593;6703104;Vihti;9999;20170916;2017;9;16;3356500;6703500;10.7;16.0;7.5;2.9;9770;11.9;1145.4999999999995;448.4999999999999
1;3356593;6703104;Vihti;9999;20170917;2017;9;17;3356500;6703500;8.7;13.8;3.6;0.0;11970;9.7;1149.1999999999996;448.4999999999999
1;3356593;6703104;Vihti;9999;20170918;2017;9;18;3356500;6703500;8.4;11.0;4.0;0.1;10501;9.5;1152.5999999999997;448.5999999999999
1;3356593;6703104;Vihti;9999;20170919;2017;9;19;3356500;6703500;8.8;9.8;7.0;0.6;3830;9.5;1156.3999999999996;449.19999999999993
1;3356593;6703104;Vihti;9999;20170920;2017;9;20;3356500;6703500;9.1;11.3;5.4;0.8;4320;10.7;1160.4999999999995;449.99999999999994
1;3356593;6703104;Vihti;9999;20170921;2017;9;21;3356500;6703500;11.6;14.9;8.6;0.6;8208;12.3;1167.0999999999995;450.59999999999997
1;3356593;6703104;Vihti;9999;20170922;2017;9;22;3356500;6703500;10.5;12.5;9.3;1.9;3175;12.1;1172.5999999999995;452.49999999999994
1;3356593;6703104;Vihti;9999;20170923;2017;9;23;3356500;6703500;12.2;16.5;9.7;0.0;9817;12.5;1179.7999999999995;452.49999999999994
1;3356593;6703104;Vihti;9999;20170924;2017;9;24;3356500;6703500;11.7;17.1;7.5;0.0;11491;11.8;1186.4999999999995;452.49999999999994
1;3356593;6703104;Vihti;9999;20170925;2017;9;25;3356500;6703500;11.6;17.1;6.5;0.0;10163;12.1;1193.0999999999995;452.49999999999994
1;3356593;6703104;Vihti;9999;20170926;2017;9;26;3356500;6703500;11.2;13.1;7.4;0.0;5188;12.3;1199.2999999999995;452.49999999999994
1;3356593;6703104;Vihti;9999;20170927;2017;9;27;3356500;6703500;11.3;14.4;8.4;0.0;8305;12.1;1205.5999999999995;452.49999999999994
1;3356593;6703104;Vihti;9999;20170928;2017;9;28;3356500;6703500;9.4;12.5;6.6;0.0;10393;10.6;1209.9999999999995;452.49999999999994
1;3356593;6703104;Vihti;9999;20170929;2017;9;29;3356500;6703500;8.1;12.5;2.8;0.0;8597;10.1;1213.0999999999995;452.49999999999994
1;3356593;6703104;Vihti;9999;20170930;2017;9;30;3356500;6703500;8.2;9.2;6.6;0.3;3143;10.0;1216.2999999999995;452.79999999999995
1;3356593;6703104;Vihti;9999;20171001;2017;10;1;3356500;6703500;7.9;9.0;6.8;0.1;3226;9.9;1219.1999999999996;452.9
1;3356593;6703104;Vihti;9999;20171002;2017;10;2;3356500;6703500;8.2;8.7;7.0;10.2;3730;8.9;1222.3999999999996;463.09999999999997
1;3356593;6703104;Vihti;9999;20171003;2017;10;3;3356500;6703500;7.9;8.5;6.1;31.1;745;10.3;1225.2999999999997;494.2
1;3356593;6703104;Vihti;9999;20171004;2017;10;4;3356500;6703500;9.6;12.1;7.2;7.9;3524;11.5;1229.8999999999996;502.09999999999997
1;3356593;6703104;Vihti;9999;20171005;2017;10;5;3356500;6703500;8.0;10.2;4.9;2.0;3791;10.4;1232.8999999999996;504.09999999999997
1;3356593;6703104;Vihti;9999;20171006;2017;10;6;3356500;6703500;7.6;9.7;4.9;0.1;4129;10.0;1235.4999999999995;504.2
1;3356593;6703104;Vihti;9999;20171007;2017;10;7;3356500;6703500;7.3;10.2;5.1;12.0;5670;9.7;1237.7999999999995;516.2
1;3356593;6703104;Vihti;9999;20171008;2017;10;8;3356500;6703500;8.4;9.2;5.1;13.6;2351;10.9;1241.1999999999996;529.8000000000001
1;3356593;6703104;Vihti;9999;20171009;2017;10;9;3356500;6703500;8.0;8.7;6.5;17.0;1249;10.4;1244.1999999999996;546.8000000000001
1;3356593;6703104;Vihti;9999;20171010;2017;10;10;3356500;6703500;7.7;8.5;6.5;18.0;1019;10.2;1246.8999999999996;564.8000000000001
1;3356593;6703104;Vihti;9999;20171011;2017;10;11;3356500;6703500;6.6;7.7;5.5;0.2;2394;9.1;1248.4999999999995;565.0000000000001
1;3356593;6703104;Vihti;9999;20171012;2017;10;12;3356500;6703500;5.0;7.5;-0.3;15.2;2092;8.9;1248.4999999999995;580.2000000000002
1;3356593;6703104;Vihti;9999;20171013;2017;10;13;3356500;6703500;6.8;8.7;4.8;0.0;6613;8.9;1250.2999999999995;580.2000000000002
1;3356593;6703104;Vihti;9999;20171014;2017;10;14;3356500;6703500;6.7;8.3;4.3;5.0;778;9.5;1251.9999999999995;585.2000000000002
1;3356593;6703104;Vihti;9999;20171015;2017;10;15;3356500;6703500;7.4;11.1;4.7;5.2;5620;9.5;1254.3999999999996;590.4000000000002
1;3356593;6703104;Vihti;9999;20171016;2017;10;16;3356500;6703500;10.0;13.8;4.5;0.0;2347;11.3;1259.3999999999996;590.4000000000002
1;3356593;6703104;Vihti;9999;20171017;2017;10;17;3356500;6703500;7.2;10.8;3.6;4.1;2585;9.9;1261.5999999999997;594.5000000000002
1;3356593;6703104;Vihti;9999;20171018;2017;10;18;3356500;6703500;7.5;10.9;5.3;0.0;3834;9.3;1264.0999999999997;594.5000000000002
1;3356593;6703104;Vihti;9999;20171019;2017;10;19;3356500;6703500;4.0;8.7;1.1;0.0;5357;7.5;1264.0999999999997;594.5000000000002
1;3356593;6703104;Vihti;9999;20171020;2017;10;20;3356500;6703500;1.4;5.5;-2.3;0.0;4244;6.4;1264.0999999999997;594.5000000000002
1;3356593;6703104;Vihti;9999;20171021;2017;10;21;3356500;6703500;-0.5;4.2;-4.1;0.0;6592;5.7;1264.0999999999997;594.5000000000002
1;3356593;6703104;Vihti;9999;20171022;2017;10;22;3356500;6703500;-0.2;2.3;-3.1;0.0;4853;5.9;1264.0999999999997;594.5000000000002
1;3356593;6703104;Vihti;9999;20171023;2017;10;23;3356500;6703500;0.7;2.6;-2.0;0.0;5000;5.4;1264.0999999999997;594.5000000000002
1;3356593;6703104;Vihti;9999;20171024;2017;10;24;3356500;6703500;0.1;2.5;-4.0;0.0;2581;5.7;1264.0999999999997;594.5000000000002
1;3356593;6703104;Vihti;9999;20171025;2017;10;25;3356500;6703500;1.1;2.7;-1.4;15.4;4144;5.2;1264.0999999999997;609.9000000000002
1;3356593;6703104;Vihti;9999;20171026;2017;10;26;3356500;6703500;-0.1;1.1;-1.8;7.6;1062;5.9;1264.0999999999997;617.5000000000002
1;3356593;6703104;Vihti;9999;20171027;2017;10;27;3356500;6703500;-0.4;0.6;-1.8;1.0;2732;5.7;1264.0999999999997;618.5000000000002
1;3356593;6703104;Vihti;9999;20171028;2017;10;28;3356500;6703500;2.0;3.8;-1.7;13.2;752;7.1;1264.0999999999997;631.7000000000003
1;3356593;6703104;Vihti;9999;20171029;2017;10;29;3356500;6703500;1.2;3.0;0.6;3.1;979;6.5;1264.0999999999997;634.8000000000003
1;3356593;6703104;Vihti;9999;20171030;2017;10;30;3356500;6703500;1.0;1.3;0.3;0.0;1969;5.4;1264.0999999999997;634.8000000000003
1;3356593;6703104;Vihti;9999;20171031;2017;10;31;3356500;6703500;-1.2;1.3;-3.9;0.3;4248;4.7;1264.0999999999997;635.1000000000003
1;3356593;6703104;Vihti;9999;20171101;2017;11;1;3356500;6703500;-0.8;0.8;-5.4;0.2;1404;4.9;1264.0999999999997;635.3000000000003
1;3356593;6703104;Vihti;9999;20171102;2017;11;2;3356500;6703500;-0.6;2.3;-5.1;0.1;3863;4.9;1264.0999999999997;635.4000000000003
1;3356593;6703104;Vihti;9999;20171103;2017;11;3;3356500;6703500;1.1;4.5;-2.2;0.2;3326;6.2;1264.0999999999997;635.6000000000004
1;3356593;6703104;Vihti;9999;20171104;2017;11;4;3356500;6703500;5.1;7.6;1.3;0.9;2340;8.5;1264.1999999999996;636.5000000000003
1;3356593;6703104;Vihti;9999;20171105;2017;11;5;3356500;6703500;6.8;8.4;5.2;1.1;1224;9.6;1265.9999999999995;637.6000000000004
1;3356593;6703104;Vihti;9999;20171106;2017;11;6;3356500;6703500;6.4;8.0;4.8;2.2;400;9.2;1267.3999999999996;639.8000000000004
1;3356593;6703104;Vihti;9999;20171107;2017;11;7;3356500;6703500;1.4;5.3;-0.6;0.0;3272;6.6;1267.3999999999996;639.8000000000004
1;3356593;6703104;Vihti;9999;20171108;2017;11;8;3356500;6703500;3.7;6.3;0.0;0.4;1274;7.5;1267.3999999999996;640.2000000000004
1;3356593;6703104;Vihti;9999;20171109;2017;11;9;3356500;6703500;5.1;6.3;2.8;6.7;724;8.5;1267.4999999999995;646.9000000000004
1;3356593;6703104;Vihti;9999;20171110;2017;11;10;3356500;6703500;5.0;7.1;3.3;2.4;1879;8.4;1267.4999999999995;649.3000000000004
1;3356593;6703104;Vihti;9999;20171111;2017;11;11;3356500;6703500;3.8;5.1;2.9;20.0;349;7.9;1267.4999999999995;669.3000000000004
1;3356593;6703104;Vihti;9999;20171112;2017;11;12;3356500;6703500;1.7;3.6;1.0;1.8;1278;6.8;1267.4999999999995;671.1000000000004
1;3356593;6703104;Vihti;9999;20171113;2017;11;13;3356500;6703500;0.9;2.1;0.4;0.1;1166;6.4;1267.4999999999995;671.2000000000004
1;3356593;6703104;Vihti;9999;20171114;2017;11;14;3356500;6703500;0.6;2.7;-0.7;0.5;1739;6.3;1267.4999999999995;671.7000000000004
1;3356593;6703104;Vihti;9999;20171115;2017;11;15;3356500;6703500;0.7;2.8;-1.5;1.6;1764;6.4;1267.4999999999995;673.3000000000004
1;3356593;6703104;Vihti;9999;20171116;2017;11;16;3356500;6703500;1.2;3.5;-0.8;2.8;1919;6.5;1267.4999999999995;676.1000000000004
1;3356593;6703104;Vihti;9999;20171117;2017;11;17;3356500;6703500;3.7;6.4;-0.1;1.3;1199;7.5;1267.4999999999995;677.4000000000003
1;3356593;6703104;Vihti;9999;20171118;2017;11;18;3356500;6703500;3.1;4.5;0.6;17.8;731;7.6;1267.4999999999995;695.2000000000003
1;3356593;6703104;Vihti;9999;20171119;2017;11;19;3356500;6703500;2.4;4.4;0.8;10.1;436;7.1;1267.4999999999995;705.3000000000003
1;3356593;6703104;Vihti;9999;20171120;2017;11;20;3356500;6703500;0.4;1.7;-0.5;0.8;763;6.0;1267.4999999999995;706.1000000000003
1;3356593;6703104;Vihti;9999;20171121;2017;11;21;3356500;6703500;-0.3;0.1;-0.9;0.7;630;5.9;1267.4999999999995;706.8000000000003
1;3356593;6703104;Vihti;9999;20171122;2017;11;22;3356500;6703500;-0.6;0.1;-0.9;0.4;680;5.8;1267.4999999999995;707.2000000000003
1;3356593;6703104;Vihti;9999;20171123;2017;11;23;3356500;6703500;0.3;1.1;-0.8;6.9;281;6.0;1267.4999999999995;714.1000000000003
1;3356593;6703104;Vihti;9999;20171124;2017;11;24;3356500;6703500;5.2;6.8;1.0;7.7;450;8.7;1267.6999999999996;721.8000000000003
1;3356593;6703104;Vihti;9999;20171125;2017;11;25;3356500;6703500;2.4;6.0;0.0;5.1;1418;7.1;1267.6999999999996;726.9000000000003
1;3356593;6703104;Vihti;9999;20171126;2017;11;26;3356500;6703500;1.1;2.2;-0.4;4.0;529;6.4;1267.6999999999996;730.9000000000003
1;3356593;6703104;Vihti;9999;20171127;2017;11;27;3356500;6703500;3.0;3.7;0.1;8.1;324;7.5;1267.6999999999996;739.0000000000003
1;3356593;6703104;Vihti;9999;20171128;2017;11;28;3356500;6703500;1.1;3.8;-0.3;7.5;544;6.8;1267.6999999999996;746.5000000000003
1;3356593;6703104;Vihti;9999;20171129;2017;11;29;3356500;6703500;0.7;2.5;0.1;1.6;360;6.6;1267.6999999999996;748.1000000000004
1;3356593;6703104;Vihti;9999;20171130;2017;11;30;3356500;6703500;1.6;2.5;0.7;2.2;587;6.8;1267.6999999999996;750.3000000000004
1;3356593;6703104;Vihti;9999;20171201;2017;12;1;3356500;6703500;-0.1;1.4;-0.5;4.7;338;6.0;1267.6999999999996;755.0000000000005
1;3356593;6703104;Vihti;9999;20171202;2017;12;2;3356500;6703500;-0.4;1.1;-2.2;1.2;857;5.8;1267.6999999999996;756.2000000000005
1;3356593;6703104;Vihti;9999;20171203;2017;12;3;3356500;6703500;3.5;4.9;0.9;6.4;184;7.6;1267.6999999999996;762.6000000000005
1;3356593;6703104;Vihti;9999;20171204;2017;12;4;3356500;6703500;-1.0;3.6;-1.5;0.0;666;5.6;1267.6999999999996;762.6000000000005
1;3356593;6703104;Vihti;9999;20171205;2017;12;5;3356500;6703500;-2.0;-0.2;-2.8;1.1;1109;5.3;1267.6999999999996;763.7000000000005
1;3356593;6703104;Vihti;9999;20171206;2017;12;6;3356500;6703500;-2.9;-0.7;-4.3;0.3;763;4.8;1267.6999999999996;764.0000000000005
1;3356593;6703104;Vihti;9999;20171207;2017;12;7;3356500;6703500;-2.7;0.1;-7.2;11.9;475;5.1;1267.6999999999996;775.9000000000004
1;3356593;6703104;Vihti;9999;20171208;2017;12;8;3356500;6703500;3.5;4.5;-0.2;3.6;245;7.7;1267.6999999999996;779.5000000000005
1;3356593;6703104;Vihti;9999;20171209;2017;12;9;3356500;6703500;3.1;3.5;2.2;0.1;601;6.6;1267.6999999999996;779.6000000000005
1;3356593;6703104;Vihti;9999;20171210;2017;12;10;3356500;6703500;1.0;2.5;0.3;0.2;274;5.7;1267.6999999999996;779.8000000000005
1;3356593;6703104;Vihti;9999;20171211;2017;12;11;3356500;6703500;0.2;1.1;-0.8;2.1;745;5.3;1267.6999999999996;781.9000000000005
1;3356593;6703104;Vihti;9999;20171212;2017;12;12;3356500;6703500;-0.2;1.1;-1.5;19.2;101;5.9;1267.6999999999996;801.1000000000006
1;3356593;6703104;Vihti;9999;20171213;2017;12;13;3356500;6703500;-0.6;2.1;-2.3;0.5;824;5.6;1267.6999999999996;801.6000000000006
1;3356593;6703104;Vihti;9999;20171214;2017;12;14;3356500;6703500;-0.4;1.7;-1.7;3.1;896;5.4;1267.6999999999996;804.7000000000006
1;3356593;6703104;Vihti;9999;20171215;2017;12;15;3356500;6703500;-0.2;1.3;-0.9;8.9;439;6.1;1267.6999999999996;813.6000000000006
1;3356593;6703104;Vihti;9999;20171216;2017;12;16;3356500;6703500;0.5;1.5;-0.3;3.4;382;6.3;1267.6999999999996;817.0000000000006
1;3356593;6703104;Vihti;9999;20171217;2017;12;17;3356500;6703500;-1.5;0.5;-3.6;0.0;454;5.4;1267.6999999999996;817.0000000000006
1;3356593;6703104;Vihti;9999;20171218;2017;12;18;3356500;6703500;-1.0;1.1;-4.1;3.0;1166;5.6;1267.6999999999996;820.0000000000006
1;3356593;6703104;Vihti;9999;20171219;2017;12;19;3356500;6703500;0.0;1.5;-0.3;0.1;385;6.0;1267.6999999999996;820.1000000000006
1;3356593;6703104;Vihti;9999;20171220;2017;12;20;3356500;6703500;1.1;2.4;-0.7;3.1;418;6.5;1267.6999999999996;823.2000000000006
1;3356593;6703104;Vihti;9999;20171221;2017;12;21;3356500;6703500;0.3;3.4;-0.3;0.0;522;6.4;1267.6999999999996;823.2000000000006
1;3356593;6703104;Vihti;9999;20171222;2017;12;22;3356500;6703500;-1.6;0.5;-2.3;0.0;709;5.4;1267.6999999999996;823.2000000000006
1;3356593;6703104;Vihti;9999;20171223;2017;12;23;3356500;6703500;-1.2;2.3;-3.6;4.8;148;5.6;1267.6999999999996;828.0000000000006
1;3356593;6703104;Vihti;9999;20171224;2017;12;24;3356500;6703500;-1.7;2.2;-2.1;0.0;875;4.5;1267.6999999999996;828.0000000000006
1;3356593;6703104;Vihti;9999;20171225;2017;12;25;3356500;6703500;-2.0;1.3;-5.6;4.2;1447;5.3;1267.6999999999996;832.2000000000006
1;3356593;6703104;Vihti;9999;20171226;2017;12;26;3356500;6703500;-0.3;3.2;-1.8;7.0;547;5.8;1267.6999999999996;839.2000000000006
1;3356593;6703104;Vihti;9999;20171227;2017;12;27;3356500;6703500;0.6;2.0;-2.3;2.4;529;6.6;1267.6999999999996;841.6000000000006
1;3356593;6703104;Vihti;9999;20171228;2017;12;28;3356500;6703500;1.2;2.3;0.1;4.3;310;6.5;1267.6999999999996;845.9000000000005
1;3356593;6703104;Vihti;9999;20171229;2017;12;29;3356500;6703500;1.5;2.7;1.1;2.6;112;7.0;1267.6999999999996;848.5000000000006
1;3356593;6703104;Vihti;9999;20171230;2017;12;30;3356500;6703500;0.5;2.5;-0.8;0.0;623;6.2;1267.6999999999996;848.5000000000006
1;3356593;6703104;Vihti;9999;20171231;2017;12;31;3356500;6703500;-0.5;0.9;-0.8;2.6;349;5.5;1267.6999999999996;851.1000000000006
1;3356593;6703104;Vihti;9999;20180101;2018;1;1;3356500;6703500;-0.1;0.8;-1.1;4.2;223;6.0;0.0;4.2
1;3356593;6703104;Vihti;9999;20180102;2018;1;2;3356500;6703500;2.2;3.5;0.2;4.2;338;7.1;0.0;8.4
1;3356593;6703104;Vihti;9999;20180103;2018;1;3;3356500;6703500;1.8;3.3;1.3;1.0;324;6.9;0.0;9.4
1;3356593;6703104;Vihti;9999;20180104;2018;1;4;3356500;6703500;0.4;1.9;0.8;9.2;256;6.5;0.0;18.6
1;3356593;6703104;Vihti;9999;20180105;2018;1;5;3356500;6703500;2.3;3.5;1.3;6.9;288;7.3;0.0;25.5
1;3356593;6703104;Vihti;9999;20180106;2018;1;6;3356500;6703500;0.4;3.0;-0.7;0.5;407;6.1;0.0;26.0
1;3356593;6703104;Vihti;9999;20180107;2018;1;7;3356500;6703500;-2.6;-0.6;-5.4;0.1;1141;4.2;0.0;26.1
1;3356593;6703104;Vihti;9999;20180108;2018;1;8;3356500;6703500;-2.8;-0.5;-5.3;0.0;1238;4.0;0.0;26.1
1;3356593;6703104;Vihti;9999;20180109;2018;1;9;3356500;6703500;-1.7;0.6;-3.1;0.0;1213;5.2;0.0;26.1
1;3356593;6703104;Vihti;9999;20180110;2018;1;10;3356500;6703500;-4.1;-1.6;-5.5;0.0;788;4.4;0.0;26.1
1;3356593;6703104;Vihti;9999;20180111;2018;1;11;3356500;6703500;-4.9;-3.3;-7.6;0.0;457;4.1;0.0;26.1
1;3356593;6703104;Vihti;9999;20180112;2018;1;12;3356500;6703500;-4.9;-2.8;-6.6;0.0;846;4.1;0.0;26.1
1;3356593;6703104;Vihti;9999;20180113;2018;1;13;3356500;6703500;-4.7;-2.5;-4.8;0.0;641;4.2;0.0;26.1
1;3356593;6703104;Vihti;9999;20180114;2018;1;14;3356500;6703500;-5.0;-2.6;-5.1;0.0;695;3.8;0.0;26.1
1;3356593;6703104;Vihti;9999;20180115;2018;1;15;3356500;6703500;-7.0;-5.0;-7.7;0.0;479;3.1;0.0;26.1
1;3356593;6703104;Vihti;9999;20180116;2018;1;16;3356500;6703500;-7.1;-5.9;-8.8;0.0;1336;2.7;0.0;26.1
1;3356593;6703104;Vihti;9999;20180117;2018;1;17;3356500;6703500;-7.3;-6.0;-8.6;5.0;540;3.1;0.0;31.1
1;3356593;6703104;Vihti;9999;20180118;2018;1;18;3356500;6703500;-5.7;-3.8;-7.9;2.4;662;3.9;0.0;33.5
1;3356593;6703104;Vihti;9999;20180119;2018;1;19;3356500;6703500;-6.0;-4.3;-9.1;0.0;886;3.8;0.0;33.5
1;3356593;6703104;Vihti;9999;20180120;2018;1;20;3356500;6703500;-5.3;-4.4;-5.7;0.0;1062;4.1;0.0;33.5
1;3356593;6703104;Vihti;9999;20180121;2018;1;21;3356500;6703500;-8.9;-5.1;-10.3;0.9;1267;2.9;0.0;34.4
1;3356593;6703104;Vihti;9999;20180122;2018;1;22;3356500;6703500;-8.5;-4.3;-12.0;1.3;1022;3.2;0.0;35.699999999999996
1;3356593;6703104;Vihti;9999;20180123;2018;1;23;3356500;6703500;-9.6;-6.5;-14.1;5.2;1238;3.0;0.0;40.9
1;3356593;6703104;Vihti;9999;20180124;2018;1;24;3356500;6703500;-1.6;1.9;-7.1;16.1;432;5.5;0.0;57.0
1;3356593;6703104;Vihti;9999;20180125;2018;1;25;3356500;6703500;3.3;4.1;1.3;0.0;961;7.3;0.0;57.0
1;3356593;6703104;Vihti;9999;20180126;2018;1;26;3356500;6703500;1.6;3.7;1.2;0.2;954;6.7;0.0;57.2
1;3356593;6703104;Vihti;9999;20180127;2018;1;27;3356500;6703500;0.4;1.8;-0.8;3.0;666;6.4;0.0;60.2
1;3356593;6703104;Vihti;9999;20180128;2018;1;28;3356500;6703500;-1.1;0.1;-2.5;2.0;814;5.7;0.0;62.2
1;3356593;6703104;Vihti;9999;20180129;2018;1;29;3356500;6703500;-1.6;0.1;-1.1;0.3;842;5.4;0.0;62.5
1;3356593;6703104;Vihti;9999;20180130;2018;1;30;3356500;6703500;-3.4;-1.1;-4.1;1.2;1336;4.5;0.0;63.7
1;3356593;6703104;Vihti;9999;20180131;2018;1;31;3356500;6703500;-5.4;-3.5;-7.6;5.8;2704;3.9;0.0;69.5
1;3356593;6703104;Vihti;9999;20180201;2018;2;1;3356500;6703500;-3.4;-1.5;-4.1;15.9;497;4.9;0.0;85.4
1;3356593;6703104;Vihti;9999;20180202;2018;2;2;3356500;6703500;-1.2;0.9;-1.7;1.4;940;6.0;0.0;86.80000000000001
1;3356593;6703104;Vihti;9999;20180203;2018;2;3;3356500;6703500;-7.2;0.4;-9.2;0.1;1148;3.5;0.0;86.9
1;3356593;6703104;Vihti;9999;20180204;2018;2;4;3356500;6703500;-12.9;-9.2;-13.4;0.0;4514;2.1;0.0;86.9
1;3356593;6703104;Vihti;9999;20180205;2018;2;5;3356500;6703500;-10.2;-6.8;-11.2;0.5;3632;2.5;0.0;87.4
1;3356593;6703104;Vihti;9999;20180206;2018;2;6;3356500;6703500;-10.4;-8.5;-11.3;1.4;2354;2.5;0.0;88.80000000000001
1;3356593;6703104;Vihti;9999;20180207;2018;2;7;3356500;6703500;-8.9;-6.0;-10.9;0.2;2466;2.8;0.0;89.00000000000001
1;3356593;6703104;Vihti;9999;20180208;2018;2;8;3356500;6703500;-5.3;-1.2;-11.2;0.4;1976;4.0;0.0;89.40000000000002
1;3356593;6703104;Vihti;9999;20180209;2018;2;9;3356500;6703500;-7.0;-3.9;-8.0;0.0;2218;3.3;0.0;89.40000000000002
1;3356593;6703104;Vihti;9999;20180210;2018;2;10;3356500;6703500;-6.4;-4.3;-8.0;0.8;2394;3.5;0.0;90.20000000000002
1;3356593;6703104;Vihti;9999;20180211;2018;2;11;3356500;6703500;-5.2;-3.3;-8.9;1.1;1476;4.0;0.0;91.30000000000001
1;3356593;6703104;Vihti;9999;20180212;2018;2;12;3356500;6703500;-3.4;-2.4;-4.6;4.3;1602;4.5;0.0;95.60000000000001
1;3356593;6703104;Vihti;9999;20180213;2018;2;13;3356500;6703500;-0.5;0.5;-2.3;0.2;1616;5.6;0.0;95.80000000000001
1;3356593;6703104;Vihti;9999;20180214;2018;2;14;3356500;6703500;0.0;1.0;-0.9;0.0;2520;5.7;0.0;95.80000000000001
1;3356593;6703104;Vihti;9999;20180215;2018;2;15;3356500;6703500;-4.0;-0.3;-6.0;0.0;2614;4.2;0.0;95.80000000000001
1;3356593;6703104;Vihti;9999;20180216;2018;2;16;3356500;6703500;-5.2;-3.5;-6.5;0.2;2491;3.8;0.0;96.00000000000001
1;3356593;6703104;Vihti;9999;20180217;2018;2;17;3356500;6703500;-6.7;-3.5;-8.3;0.0;4169;3.4;0.0;96.00000000000001
1;3356593;6703104;Vihti;9999;20180218;2018;2;18;3356500;6703500;-9.8;-6.5;-12.1;0.0;7790;2.6;0.0;96.00000000000001
1;3356593;6703104;Vihti;9999;20180219;2018;2;19;3356500;6703500;-12.9;-6.9;-15.0;0.0;8194;2.0;0.0;96.00000000000001
1;3356593;6703104;Vihti;9999;20180220;2018;2;20;3356500;6703500;-13.1;-5.9;-16.6;0.0;9101;2.0;0.0;96.00000000000001
1;3356593;6703104;Vihti;9999;20180221;2018;2;21;3356500;6703500;-14.6;-7.6;-19.1;0.0;7909;1.8;0.0;96.00000000000001
1;3356593;6703104;Vihti;9999;20180222;2018;2;22;3356500;6703500;-15.4;-6.7;-21.6;0.0;6905;1.6;0.0;96.00000000000001
1;3356593;6703104;Vihti;9999;20180223;2018;2;23;3356500;6703500;-14.5;-6.8;-19.6;0.0;6552;1.8;0.0;96.00000000000001
1;3356593;6703104;Vihti;9999;20180224;2018;2;24;3356500;6703500;-15.8;-11.0;-18.1;0.0;7218;1.4;0.0;96.00000000000001
1;3356593;6703104;Vihti;9999;20180225;2018;2;25;3356500;6703500;-11.6;-6.1;-18.2;0.1;9875;2.3;0.0;96.10000000000001
1;3356593;6703104;Vihti;9999;20180226;2018;2;26;3356500;6703500;-11.9;-7.0;-11.9;0.1;2502;1.9;0.0;96.2
1;3356593;6703104;Vihti;9999;20180227;2018;2;27;3356500;6703500;-18.4;-12.2;-19.6;0.0;9277;1.0;0.0;96.2
1;3356593;6703104;Vihti;9999;20180228;2018;2;28;3356500;6703500;-17.4;-12.7;-21.8;0.0;8212;1.1;0.0;96.2
1;3356593;6703104;Vihti;9999;20180301;2018;3;1;3356500;6703500;-15.1;-7.6;-21.4;0.0;8258;1.3;0.0;96.2
1;3356593;6703104;Vihti;9999;20180302;2018;3;2;3356500;6703500;-13.3;-5.7;-19.8;0.1;7834;1.7;0.0;96.3
1;3356593;6703104;Vihti;9999;20180303;2018;3;3;3356500;6703500;-12.6;-5.2;-16.7;0.0;7546;1.8;0.0;96.3
1;3356593;6703104;Vihti;9999;20180304;2018;3;4;3356500;6703500;-12.2;-4.9;-16.2;0.0;15368;1.7;0.0;96.3
1;3356593;6703104;Vihti;9999;20180305;2018;3;5;3356500;6703500;-11.4;-5.7;-16.6;0.0;8532;2.3;0.0;96.3
1;3356593;6703104;Vihti;9999;20180306;2018;3;6;3356500;6703500;-8.0;-3.9;-8.7;0.0;12103;2.7;0.0;96.3
1;3356593;6703104;Vihti;9999;20180307;2018;3;7;3356500;6703500;-9.2;-3.6;-11.4;0.0;8564;2.2;0.0;96.3
1;3356593;6703104;Vihti;9999;20180308;2018;3;8;3356500;6703500;-6.9;-3.5;-10.3;3.4;6534;3.2;0.0;99.7
1;3356593;6703104;Vihti;9999;20180309;2018;3;9;3356500;6703500;-0.9;0.5;-4.2;1.1;2484;5.6;0.0;100.8
1;3356593;6703104;Vihti;9999;20180310;2018;3;10;3356500;6703500;-0.3;0.4;-0.6;0.5;3388;5.9;0.0;101.3
1;3356593;6703104;Vihti;9999;20180311;2018;3;11;3356500;6703500;0.3;1.7;-0.7;0.2;3874;6.0;0.0;101.5
1;3356593;6703104;Vihti;9999;20180312;2018;3;12;3356500;6703500;-0.6;0.9;-1.8;5.5;3154;5.7;0.0;107.0
1;3356593;6703104;Vihti;9999;20180313;2018;3;13;3356500;6703500;1.0;2.4;0.5;5.2;1332;6.6;0.0;112.2
1;3356593;6703104;Vihti;9999;20180314;2018;3;14;3356500;6703500;-4.3;1.8;-4.7;0.0;7463;4.0;0.0;112.2
1;3356593;6703104;Vihti;9999;20180315;2018;3;15;3356500;6703500;-9.6;-3.8;-11.0;0.0;11891;2.1;0.0;112.2
1;3356593;6703104;Vihti;9999;20180316;2018;3;16;3356500;6703500;-10.0;-4.3;-14.2;0.1;12150;2.0;0.0;112.3
1;3356593;6703104;Vihti;9999;20180317;2018;3;17;3356500;6703500;-7.9;-2.4;-13.0;0.0;14846;2.3;0.0;112.3
1;3356593;6703104;Vihti;9999;20180318;2018;3;18;3356500;6703500;-2.3;2.5;-8.0;0.0;10919;4.0;0.0;112.3
1;3356593;6703104;Vihti;9999;20180319;2018;3;19;3356500;6703500;-1.3;1.8;-1.7;2.5;8705;5.0;0.0;114.8
1;3356593;6703104;Vihti;9999;20180320;2018;3;20;3356500;6703500;-6.4;-1.1;-7.0;0.0;5807;3.3;0.0;114.8
1;3356593;6703104;Vihti;9999;20180321;2018;3;21;3356500;6703500;-7.1;-1.0;-16.5;0.1;9482;2.9;0.0;114.89999999999999
1;3356593;6703104;Vihti;9999;20180322;2018;3;22;3356500;6703500;-1.7;2.3;-3.8;1.8;7607;5.0;0.0;116.69999999999999
1;3356593;6703104;Vihti;9999;20180323;2018;3;23;3356500;6703500;-4.4;0.0;-6.3;0.0;13090;3.2;0.0;116.69999999999999
1;3356593;6703104;Vihti;9999;20180324;2018;3;24;3356500;6703500;-2.3;2.7;-8.7;0.1;9731;4.8;0.0;116.79999999999998
1;3356593;6703104;Vihti;9999;20180325;2018;3;25;3356500;6703500;1.4;5.9;0.8;0.1;13597;5.7;0.0;116.89999999999998
1;3356593;6703104;Vihti;9999;20180326;2018;3;26;3356500;6703500;-5.1;1.7;-6.1;0.0;14926;2.3;0.0;116.89999999999998
1;3356593;6703104;Vihti;9999;20180327;2018;3;27;3356500;6703500;-6.8;-0.6;-12.3;0.0;13532;2.4;0.0;116.89999999999998
1;3356593;6703104;Vihti;9999;20180328;2018;3;28;3356500;6703500;-4.7;2.5;-11.4;0.7;12092;3.6;0.0;117.59999999999998
1;3356593;6703104;Vihti;9999;20180329;2018;3;29;3356500;6703500;-3.5;2.1;-9.9;0.0;13075;3.4;0.0;117.59999999999998
1;3356593;6703104;Vihti;9999;20180330;2018;3;30;3356500;6703500;-4.0;3.2;-10.8;0.0;15908;2.8;0.0;117.59999999999998
1;3356593;6703104;Vihti;9999;20180331;2018;3;31;3356500;6703500;-3.0;4.1;-9.9;0.0;16132;2.9;0.0;117.59999999999998
1;3356593;6703104;Vihti;9999;20180401;2018;4;1;3356500;6703500;-2.0;2.9;-8.4;3.1;21582;4.1;0.0;120.69999999999997
1;3356593;6703104;Vihti;9999;20180402;2018;4;2;3356500;6703500;-1.1;0.6;-1.2;8.8;3384;5.1;0.0;129.49999999999997
1;3356593;6703104;Vihti;9999;20180403;2018;4;3;3356500;6703500;-1.5;3.7;-5.3;0.0;16726;4.1;0.0;129.49999999999997
1;3356593;6703104;Vihti;9999;20180404;2018;4;4;3356500;6703500;-0.3;5.3;-9.7;2.1;19073;5.3;0.0;131.59999999999997
1;3356593;6703104;Vihti;9999;20180405;2018;4;5;3356500;6703500;3.4;6.8;1.7;1.1;12935;7.7;0.0;132.69999999999996
1;3356593;6703104;Vihti;9999;20180406;2018;4;6;3356500;6703500;1.9;5.4;0.7;1.3;8449;6.4;0.0;133.99999999999997
1;3356593;6703104;Vihti;9999;20180407;2018;4;7;3356500;6703500;2.2;6.6;-1.3;0.0;24527;4.8;0.0;133.99999999999997
1;3356593;6703104;Vihti;9999;20180408;2018;4;8;3356500;6703500;3.6;9.1;0.6;0.0;20498;5.6;0.0;133.99999999999997
1;3356593;6703104;Vihti;9999;20180409;2018;4;9;3356500;6703500;4.6;12.7;0.4;5.1;21740;6.9;0.0;139.09999999999997
1;3356593;6703104;Vihti;9999;20180410;2018;4;10;3356500;6703500;1.6;7.4;-2.0;0.0;18479;4.4;0.0;139.09999999999997
1;3356593;6703104;Vihti;9999;20180411;2018;4;11;3356500;6703500;1.7;7.8;-4.4;0.0;19033;4.1;0.0;139.09999999999997
1;3356593;6703104;Vihti;9999;20180412;2018;4;12;3356500;6703500;3.1;10.2;-4.8;0.0;25027;3.8;0.0;139.09999999999997
1;3356593;6703104;Vihti;9999;20180413;2018;4;13;3356500;6703500;4.2;11.2;-3.1;0.0;19130;4.0;0.0;139.09999999999997
1;3356593;6703104;Vihti;9999;20180414;2018;4;14;3356500;6703500;7.0;15.2;-1.4;0.0;19462;4.6;2.0;139.09999999999997
1;3356593;6703104;Vihti;9999;20180415;2018;4;15;3356500;6703500;6.5;13.8;-1.2;0.9;13993;6.3;3.5;139.99999999999997
1;3356593;6703104;Vihti;9999;20180416;2018;4;16;3356500;6703500;7.4;12.5;3.3;0.6;6545;10.1;5.9;140.59999999999997
1;3356593;6703104;Vihti;9999;20180417;2018;4;17;3356500;6703500;5.4;9.7;4.4;0.0;15905;8.3;6.300000000000001;140.59999999999997
1;3356593;6703104;Vihti;9999;20180418;2018;4;18;3356500;6703500;8.0;15.8;3.9;0.3;19213;8.1;9.3;140.89999999999998
1;3356593;6703104;Vihti;9999;20180419;2018;4;19;3356500;6703500;8.5;15.7;5.1;0.0;17334;7.9;12.8;140.89999999999998
1;3356593;6703104;Vihti;9999;20180420;2018;4;20;3356500;6703500;10.0;17.0;2.9;0.3;21924;8.8;17.8;141.2
1;3356593;6703104;Vihti;9999;20180421;2018;4;21;3356500;6703500;7.5;13.3;5.0;0.0;12917;7.7;20.3;141.2
1;3356593;6703104;Vihti;9999;20180422;2018;4;22;3356500;6703500;4.2;8.0;3.0;0.4;7967;6.9;20.3;141.6
1;3356593;6703104;Vihti;9999;20180423;2018;4;23;3356500;6703500;3.8;8.9;-1.6;0.5;23486;5.4;20.3;142.1
1;3356593;6703104;Vihti;9999;20180424;2018;4;24;3356500;6703500;5.9;9.8;2.7;1.8;11203;8.1;21.200000000000003;143.9
1;3356593;6703104;Vihti;9999;20180425;2018;4;25;3356500;6703500;6.4;10.5;4.6;0.6;10026;8.7;22.6;144.5
1;3356593;6703104;Vihti;9999;20180426;2018;4;26;3356500;6703500;5.1;12.0;0.9;0.0;16214;6.3;22.700000000000003;144.5
1;3356593;6703104;Vihti;9999;20180427;2018;4;27;3356500;6703500;4.3;12.0;-0.6;2.6;18050;7.4;22.700000000000003;147.1
1;3356593;6703104;Vihti;9999;20180428;2018;4;28;3356500;6703500;5.6;12.1;1.7;1.6;15095;8.1;23.300000000000004;148.7
1;3356593;6703104;Vihti;9999;20180429;2018;4;29;3356500;6703500;4.9;9.0;0.7;4.4;5278;8.8;23.300000000000004;153.1
1;3356593;6703104;Vihti;9999;20180430;2018;4;30;3356500;6703500;6.8;12.9;1.2;1.7;22676;7.7;25.100000000000005;154.79999999999998
1;3356593;6703104;Vihti;9999;20180501;2018;5;1;3356500;6703500;6.4;9.2;6.2;11.3;4367;9.0;26.500000000000007;166.1
1;3356593;6703104;Vihti;9999;20180502;2018;5;2;3356500;6703500;7.0;10.1;5.1;0.1;8032;9.2;28.500000000000007;166.2
1;3356593;6703104;Vihti;9999;20180503;2018;5;3;3356500;6703500;8.3;14.8;4.7;0.7;20664;9.0;31.800000000000008;166.89999999999998
1;3356593;6703104;Vihti;9999;20180504;2018;5;4;3356500;6703500;8.4;12.2;6.8;0.0;22856;8.4;35.20000000000001;166.89999999999998
1;3356593;6703104;Vihti;9999;20180505;2018;5;5;3356500;6703500;9.3;15.9;5.1;0.0;21917;8.0;39.500000000000014;166.89999999999998
1;3356593;6703104;Vihti;9999;20180506;2018;5;6;3356500;6703500;11.5;18.4;3.0;0.0;27576;9.5;46.000000000000014;166.89999999999998
1;3356593;6703104;Vihti;9999;20180507;2018;5;7;3356500;6703500;13.7;21.0;4.9;0.0;22925;10.9;54.70000000000002;166.89999999999998
1;3356593;6703104;Vihti;9999;20180508;2018;5;8;3356500;6703500;13.1;18.9;8.2;0.0;29513;8.6;62.80000000000002;166.89999999999998
1;3356593;6703104;Vihti;9999;20180509;2018;5;9;3356500;6703500;11.7;17.9;4.4;0.0;28523;6.0;69.50000000000001;166.89999999999998
1;3356593;6703104;Vihti;9999;20180510;2018;5;10;3356500;6703500;12.3;19.0;4.9;0.0;25250;6.9;76.80000000000001;166.89999999999998
1;3356593;6703104;Vihti;9999;20180511;2018;5;11;3356500;6703500;14.9;21.5;5.4;0.0;26460;7.1;86.70000000000002;166.89999999999998
1;3356593;6703104;Vihti;9999;20180512;2018;5;12;3356500;6703500;16.4;24.7;6.0;0.0;34582;6.9;98.10000000000002;166.89999999999998
1;3356593;6703104;Vihti;9999;20180513;2018;5;13;3356500;6703500;17.3;26.8;6.3;0.0;34837;7.6;110.40000000000002;166.89999999999998
1;3356593;6703104;Vihti;9999;20180514;2018;5;14;3356500;6703500;19.9;28.2;8.9;0.0;27518;8.7;125.30000000000001;166.89999999999998
1;3356593;6703104;Vihti;9999;20180515;2018;5;15;3356500;6703500;20.4;29.2;10.8;0.0;20344;9.3;140.70000000000002;166.89999999999998
1;3356593;6703104;Vihti;9999;20180516;2018;5;16;3356500;6703500;18.6;27.3;11.2;0.0;19879;11.0;154.3;166.89999999999998
1;3356593;6703104;Vihti;9999;20180517;2018;5;17;3356500;6703500;16.4;24.9;9.3;13.9;19426;13.2;165.70000000000002;180.79999999999998
1;3356593;6703104;Vihti;9999;20180518;2018;5;18;3356500;6703500;13.4;18.4;11.2;0.1;24480;7.9;174.10000000000002;180.89999999999998
1;3356593;6703104;Vihti;9999;20180519;2018;5;19;3356500;6703500;13.1;19.1;5.8;0.0;29995;6.4;182.20000000000002;180.89999999999998
1;3356593;6703104;Vihti;9999;20180520;2018;5;20;3356500;6703500;14.6;22.1;5.0;0.0;37400;7.6;191.8;180.89999999999998
1;3356593;6703104;Vihti;9999;20180521;2018;5;21;3356500;6703500;16.9;25.4;8.3;0.0;26842;8.9;203.70000000000002;180.89999999999998
1;3356593;6703104;Vihti;9999;20180522;2018;5;22;3356500;6703500;17.5;24.6;7.2;0.0;31291;9.7;216.20000000000002;180.89999999999998
1;3356593;6703104;Vihti;9999;20180523;2018;5;23;3356500;6703500;18.4;25.1;10.6;0.2;24545;10.0;229.60000000000002;181.09999999999997
1;3356593;6703104;Vihti;9999;20180524;2018;5;24;3356500;6703500;14.7;21.9;8.2;0.0;34733;8.0;239.3;181.09999999999997
1;3356593;6703104;Vihti;9999;20180525;2018;5;25;3356500;6703500;15.4;22.4;6.3;0.0;29650;7.9;249.70000000000002;181.09999999999997
1;3356593;6703104;Vihti;9999;20180526;2018;5;26;3356500;6703500;17.9;25.1;7.1;0.0;26824;10.2;262.6;181.09999999999997
1;3356593;6703104;Vihti;9999;20180527;2018;5;27;3356500;6703500;16.8;21.5;12.2;0.0;25092;7.5;274.40000000000003;181.09999999999997
1;3356593;6703104;Vihti;9999;20180528;2018;5;28;3356500;6703500;16.1;22.5;6.9;0.0;27713;7.1;285.50000000000006;181.09999999999997
1;3356593;6703104;Vihti;9999;20180529;2018;5;29;3356500;6703500;18.9;26.5;7.3;0.0;28274;9.8;299.40000000000003;181.09999999999997
1;3356593;6703104;Vihti;9999;20180530;2018;5;30;3356500;6703500;17.9;23.1;12.5;0.0;28915;9.4;312.3;181.09999999999997
1;3356593;6703104;Vihti;9999;20180531;2018;5;31;3356500;6703500;14.4;20.4;9.2;0.0;28602;8.3;321.7;181.09999999999997
1;3356593;6703104;Vihti;9999;20180601;2018;6;1;3356500;6703500;16.2;23.0;7.0;0.0;29020;9.2;332.9;181.09999999999997
1;3356593;6703104;Vihti;9999;20180602;2018;6;2;3356500;6703500;18.8;26.5;11.2;0.0;25999;11.5;346.7;181.09999999999997
1;3356593;6703104;Vihti;9999;20180603;2018;6;3;3356500;6703500;18.3;25.2;10.9;0.0;37098;9.1;360.0;181.09999999999997
1;3356593;6703104;Vihti;9999;20180604;2018;6;4;3356500;6703500;14.8;20.1;12.3;0.0;26665;7.4;369.8;181.09999999999997
1;3356593;6703104;Vihti;9999;20180605;2018;6;5;3356500;6703500;9.5;13.0;6.6;0.1;22223;5.8;374.3;181.19999999999996
1;3356593;6703104;Vihti;9999;20180606;2018;6;6;3356500;6703500;9.4;14.3;3.5;0.0;20246;6.7;378.7;181.19999999999996
1;3356593;6703104;Vihti;9999;20180607;2018;6;7;3356500;6703500;11.4;17.7;1.7;0.0;30240;8.0;385.09999999999997;181.19999999999996
1;3356593;6703104;Vihti;9999;20180608;2018;6;8;3356500;6703500;12.7;16.9;5.9;0.0;27986;6.8;392.79999999999995;181.19999999999996
1;3356593;6703104;Vihti;9999;20180609;2018;6;9;3356500;6703500;13.2;18.8;4.4;0.0;28764;7.3;400.99999999999994;181.19999999999996
1;3356593;6703104;Vihti;9999;20180610;2018;6;10;3356500;6703500;15.5;22.3;5.2;0.1;24116;9.7;411.49999999999994;181.29999999999995
1;3356593;6703104;Vihti;9999;20180611;2018;6;11;3356500;6703500;19.3;25.9;10.4;0.9;14533;12.6;425.79999999999995;182.19999999999996
1;3356593;6703104;Vihti;9999;20180612;2018;6;12;3356500;6703500;15.5;21.0;11.7;0.1;21254;9.8;436.29999999999995;182.29999999999995
1;3356593;6703104;Vihti;9999;20180613;2018;6;13;3356500;6703500;14.9;20.0;7.0;0.0;26327;7.7;446.19999999999993;182.29999999999995
1;3356593;6703104;Vihti;9999;20180614;2018;6;14;3356500;6703500;16.3;21.5;7.7;0.0;26615;9.0;457.49999999999994;182.29999999999995
1;3356593;6703104;Vihti;9999;20180615;2018;6;15;3356500;6703500;16.7;21.8;12.0;0.0;27133;12.8;469.19999999999993;182.29999999999995
1;3356593;6703104;Vihti;9999;20180616;2018;6;16;3356500;6703500;17.6;24.3;8.9;0.0;26222;10.2;481.79999999999995;182.29999999999995
1;3356593;6703104;Vihti;9999;20180617;2018;6;17;3356500;6703500;19.1;25.3;9.9;0.1;24419;12.1;495.9;182.39999999999995
1;3356593;6703104;Vihti;9999;20180618;2018;6;18;3356500;6703500;17.3;22.7;13.8;0.0;33646;12.4;508.2;182.39999999999995
1;3356593;6703104;Vihti;9999;20180619;2018;6;19;3356500;6703500;13.5;17.7;10.2;13.9;12553;13.3;516.7;196.29999999999995
1;3356593;6703104;Vihti;9999;20180620;2018;6;20;3356500;6703500;15.6;20.7;10.7;0.0;31104;10.3;527.3000000000001;196.29999999999995
1;3356593;6703104;Vihti;9999;20180621;2018;6;21;3356500;6703500;13.4;16.6;8.1;13.1;14069;13.3;535.7;209.39999999999995
1;3356593;6703104;Vihti;9999;20180622;2018;6;22;3356500;6703500;11.3;14.8;9.5;1.9;17032;12.1;542.0;211.29999999999995
1;3356593;6703104;Vihti;9999;20180623;2018;6;23;3356500;6703500;13.4;18.4;8.8;0.0;22208;10.5;550.4;211.29999999999995
1;3356593;6703104;Vihti;9999;20180624;2018;6;24;3356500;6703500;13.8;17.6;6.1;1.1;22576;10.7;559.1999999999999;212.39999999999995
1;3356593;6703104;Vihti;9999;20180625;2018;6;25;3356500;6703500;15.0;19.0;12.7;0.0;15772;13.5;569.1999999999999;212.39999999999995
1;3356593;6703104;Vihti;9999;20180626;2018;6;26;3356500;6703500;17.5;22.8;9.2;0.0;37134;14.0;581.6999999999999;212.39999999999995
1;3356593;6703104;Vihti;9999;20180627;2018;6;27;3356500;6703500;19.0;24.9;11.4;0.0;30067;13.1;595.6999999999999;212.39999999999995
1;3356593;6703104;Vihti;9999;20180628;2018;6;28;3356500;6703500;20.1;26.6;11.4;4.3;31201;12.8;610.8;216.69999999999996
1;3356593;6703104;Vihti;9999;20180629;2018;6;29;3356500;6703500;13.5;20.5;11.9;2.1;11646;12.3;619.3;218.79999999999995
1;3356593;6703104;Vihti;9999;20180630;2018;6;30;3356500;6703500;13.3;18.5;8.1;0.0;23432;9.0;627.5999999999999;218.79999999999995
1;3356593;6703104;Vihti;9999;20180701;2018;7;1;3356500;6703500;14.7;19.9;8.3;0.0;29304;9.0;637.3;218.79999999999995
1;3356593;6703104;Vihti;9999;20180702;2018;7;2;3356500;6703500;12.6;18.0;10.4;12.3;13684;11.4;644.9;231.09999999999997
1;3356593;6703104;Vihti;9999;20180703;2018;7;3;3356500;6703500;12.5;14.0;11.9;8.6;6347;14.5;652.4;239.69999999999996
1;3356593;6703104;Vihti;9999;20180704;2018;7;4;3356500;6703500;15.0;19.8;8.7;11.7;19469;14.4;662.4;251.39999999999995
1;3356593;6703104;Vihti;9999;20180705;2018;7;5;3356500;6703500;16.4;20.9;12.2;2.0;19537;16.0;673.8;253.39999999999995
1;3356593;6703104;Vihti;9999;20180706;2018;7;6;3356500;6703500;16.4;21.6;13.8;0.5;14346;15.4;685.1999999999999;253.89999999999995
1;3356593;6703104;Vihti;9999;20180707;2018;7;7;3356500;6703500;19.7;25.0;14.0;0.0;25780;15.3;699.9;253.89999999999995
1;3356593;6703104;Vihti;9999;20180708;2018;7;8;3356500;6703500;17.9;22.5;13.0;0.0;24217;15.0;712.8;253.89999999999995
1;3356593;6703104;Vihti;9999;20180709;2018;7;9;3356500;6703500;18.4;22.7;13.6;0.0;23303;15.7;726.1999999999999;253.89999999999995
1;3356593;6703104;Vihti;9999;20180710;2018;7;10;3356500;6703500;16.2;21.0;12.8;0.7;25963;15.2;737.4;254.59999999999994
1;3356593;6703104;Vihti;9999;20180711;2018;7;11;3356500;6703500;17.5;22.1;12.2;0.0;17262;15.7;749.9;254.59999999999994
1;3356593;6703104;Vihti;9999;20180712;2018;7;12;3356500;6703500;19.4;24.9;13.7;0.0;19447;16.4;764.3;254.59999999999994
1;3356593;6703104;Vihti;9999;20180713;2018;7;13;3356500;6703500;21.4;27.5;14.0;0.0;30002;16.0;780.6999999999999;254.59999999999994
1;3356593;6703104;Vihti;9999;20180714;2018;7;14;3356500;6703500;22.3;28.9;14.8;0.0;19606;17.2;797.9999999999999;254.59999999999994
1;3356593;6703104;Vihti;9999;20180715;2018;7;15;3356500;6703500;23.5;30.0;15.0;0.1;24739;14.4;816.4999999999999;254.69999999999993
1;3356593;6703104;Vihti;9999;20180716;2018;7;16;3356500;6703500;24.3;30.2;15.8;0.0;23087;16.0;835.7999999999998;254.69999999999993
1;3356593;6703104;Vihti;9999;20180717;2018;7;17;3356500;6703500;25.1;31.4;16.4;0.0;24689;15.2;855.8999999999999;254.69999999999993
1;3356593;6703104;Vihti;9999;20180718;2018;7;18;3356500;6703500;24.0;29.5;17.6;0.0;25744;15.6;874.8999999999999;254.69999999999993
1;3356593;6703104;Vihti;9999;20180719;2018;7;19;3356500;6703500;23.1;28.8;15.2;2.8;28166;15.7;892.9999999999999;257.49999999999994
1;3356593;6703104;Vihti;9999;20180720;2018;7;20;3356500;6703500;19.1;25.7;17.3;11.7;14537;20.9;907.0999999999999;269.19999999999993
1;3356593;6703104;Vihti;9999;20180721;2018;7;21;3356500;6703500;20.5;25.1;18.1;5.8;15613;22.4;922.5999999999999;274.99999999999994
1;3356593;6703104;Vihti;9999;20180722;2018;7;22;3356500;6703500;21.3;27.1;17.2;0.0;22777;19.0;938.8999999999999;274.99999999999994
1;3356593;6703104;Vihti;9999;20180723;2018;7;23;3356500;6703500;21.1;27.0;13.5;0.2;22543;17.6;954.9999999999999;275.19999999999993
1;3356593;6703104;Vihti;9999;20180724;2018;7;24;3356500;6703500;22.0;28.1;14.8;0.0;25463;19.8;971.9999999999999;275.19999999999993
1;3356593;6703104;Vihti;9999;20180725;2018;7;25;3356500;6703500;23.6;29.5;16.5;0.0;21348;17.8;990.5999999999999;275.19999999999993
1;3356593;6703104;Vihti;9999;20180726;2018;7;26;3356500;6703500;23.6;28.9;16.0;0.4;20192;19.5;1009.1999999999999;275.5999999999999
1;3356593;6703104;Vihti;9999;20180727;2018;7;27;3356500;6703500;24.4;29.7;17.5;0.0;23195;20.5;1028.6;275.5999999999999
1;3356593;6703104;Vihti;9999;20180728;2018;7;28;3356500;6703500;24.3;29.2;20.5;2.2;18173;22.3;1047.8999999999999;277.7999999999999
1;3356593;6703104;Vihti;9999;20180729;2018;7;29;3356500;6703500;23.6;27.9;21.1;0.1;14443;23.5;1066.4999999999998;277.8999999999999
1;3356593;6703104;Vihti;9999;20180730;2018;7;30;3356500;6703500;24.2;28.6;20.3;0.0;21550;22.4;1085.6999999999998;277.8999999999999
1;3356593;6703104;Vihti;9999;20180731;2018;7;31;3356500;6703500;23.8;28.6;19.0;0.0;21179;20.9;1104.4999999999998;277.8999999999999
1;3356593;6703104;Vihti;9999;20180801;2018;8;1;3356500;6703500;24.2;30.6;17.5;0.2;25596;21.3;1123.6999999999998;278.0999999999999
1;3356593;6703104;Vihti;9999;20180802;2018;8;2;3356500;6703500;23.8;30.4;17.6;3.5;20243;21.8;1142.4999999999998;281.5999999999999
1;3356593;6703104;Vihti;9999;20180803;2018;8;3;3356500;6703500;23.8;29.4;18.3;0.0;24512;19.0;1161.2999999999997;281.5999999999999
1;3356593;6703104;Vihti;9999;20180804;2018;8;4;3356500;6703500;20.1;24.9;15.4;0.7;17694;17.6;1176.3999999999996;282.2999999999999
1;3356593;6703104;Vihti;9999;20180805;2018;8;5;3356500;6703500;18.4;24.6;15.1;4.3;20567;17.0;1189.7999999999997;286.5999999999999
1;3356593;6703104;Vihti;9999;20180806;2018;8;6;3356500;6703500;16.6;21.3;13.1;0.5;18464;12.9;1201.3999999999996;287.0999999999999
1;3356593;6703104;Vihti;9999;20180807;2018;8;7;3356500;6703500;18.3;23.9;12.1;0.1;17788;11.9;1214.6999999999996;287.19999999999993
1;3356593;6703104;Vihti;9999;20180808;2018;8;8;3356500;6703500;18.9;25.4;9.0;0.0;20650;13.7;1228.5999999999997;287.19999999999993
1;3356593;6703104;Vihti;9999;20180809;2018;8;9;3356500;6703500;23.4;29.2;15.5;0.1;27396;18.2;1246.9999999999998;287.29999999999995
1;3356593;6703104;Vihti;9999;20180810;2018;8;10;3356500;6703500;22.6;29.3;17.1;0.0;18752;19.4;1264.5999999999997;287.29999999999995
1;3356593;6703104;Vihti;9999;20180811;2018;8;11;3356500;6703500;19.3;23.3;17.1;3.4;27158;13.3;1278.8999999999996;290.69999999999993
1;3356593;6703104;Vihti;9999;20180812;2018;8;12;3356500;6703500;14.3;18.2;11.1;8.6;15707;15.4;1288.1999999999996;299.29999999999995
1;3356593;6703104;Vihti;9999;20180813;2018;8;13;3356500;6703500;14.5;19.7;9.5;0.0;18968;12.2;1297.6999999999996;299.29999999999995
1;3356593;6703104;Vihti;9999;20180814;2018;8;14;3356500;6703500;15.6;20.7;8.4;0.0;23785;12.8;1308.2999999999995;299.29999999999995
1;3356593;6703104;Vihti;9999;20180815;2018;8;15;3356500;6703500;15.2;19.5;11.7;0.8;11635;15.1;1318.4999999999995;300.09999999999997
1;3356593;6703104;Vihti;9999;20180816;2018;8;16;3356500;6703500;16.8;22.5;9.1;0.0;18619;14.3;1330.2999999999995;300.09999999999997
1;3356593;6703104;Vihti;9999;20180817;2018;8;17;3356500;6703500;18.7;24.7;12.6;0.0;19580;15.7;1343.9999999999995;300.09999999999997
1;3356593;6703104;Vihti;9999;20180818;2018;8;18;3356500;6703500;17.5;22.9;14.9;4.5;10098;17.5;1356.4999999999995;304.59999999999997
1;3356593;6703104;Vihti;9999;20180819;2018;8;19;3356500;6703500;17.0;22.3;14.0;0.5;14803;15.2;1368.4999999999995;305.09999999999997
1;3356593;6703104;Vihti;9999;20180820;2018;8;20;3356500;6703500;14.3;18.8;9.5;9.7;13968;14.6;1377.7999999999995;314.79999999999995
1;3356593;6703104;Vihti;9999;20180821;2018;8;21;3356500;6703500;13.2;18.5;8.7;0.0;17255;11.0;1385.9999999999995;314.79999999999995
1;3356593;6703104;Vihti;9999;20180822;2018;8;22;3356500;6703500;14.2;19.5;6.0;0.0;19775;11.6;1395.1999999999996;314.79999999999995
1;3356593;6703104;Vihti;9999;20180823;2018;8;23;3356500;6703500;18.0;21.0;14.9;0.0;16337;17.3;1408.1999999999996;314.79999999999995
1;3356593;6703104;Vihti;9999;20180824;2018;8;24;3356500;6703500;17.8;24.0;12.5;9.7;15685;17.3;1420.9999999999995;324.49999999999994
1;3356593;6703104;Vihti;9999;20180825;2018;8;25;3356500;6703500;16.2;18.8;14.4;0.0;19760;15.8;1432.1999999999996;324.49999999999994
1;3356593;6703104;Vihti;9999;20180826;2018;8;26;3356500;6703500;13.4;17.5;10.2;6.6;12733;14.8;1440.5999999999997;331.09999999999997
1;3356593;6703104;Vihti;9999;20180827;2018;8;27;3356500;6703500;13.2;18.2;9.0;0.0;14929;12.8;1448.7999999999997;331.09999999999997
1;3356593;6703104;Vihti;9999;20180828;2018;8;28;3356500;6703500;14.7;18.2;8.8;0.0;12488;14.6;1458.4999999999998;331.09999999999997
1;3356593;6703104;Vihti;9999;20180829;2018;8;29;3356500;6703500;15.3;21.1;8.9;0.0;18040;12.8;1468.7999999999997;331.09999999999997
1;3356593;6703104;Vihti;9999;20180830;2018;8;30;3356500;6703500;14.6;17.2;9.4;0.0;8204;14.9;1478.3999999999996;331.09999999999997
1;3356593;6703104;Vihti;9999;20180831;2018;8;31;3356500;6703500;14.8;18.6;10.8;0.0;17608;15.0;1488.1999999999996;331.09999999999997
1;3356593;6703104;Vihti;9999;20180901;2018;9;1;3356500;6703500;15.5;18.7;12.7;1.3;8431;17.4;1498.6999999999996;332.4
1;3356593;6703104;Vihti;9999;20180902;2018;9;2;3356500;6703500;16.1;20.4;12.9;0.1;9673;16.9;1509.7999999999995;332.5
1;3356593;6703104;Vihti;9999;20180903;2018;9;3;3356500;6703500;16.5;22.0;10.0;0.0;12294;16.4;1521.2999999999995;332.5
1;3356593;6703104;Vihti;9999;20180904;2018;9;4;3356500;6703500;15.1;19.4;10.4;0.0;10937;15.9;1531.3999999999994;332.5
1;3356593;6703104;Vihti;9999;20180905;2018;9;5;3356500;6703500;15.2;17.8;11.6;0.0;10987;15.7;1541.5999999999995;332.5
1;3356593;6703104;Vihti;9999;20180906;2018;9;6;3356500;6703500;16.0;21.0;10.5;0.0;11138;16.0;1552.5999999999995;332.5
1;3356593;6703104;Vihti;9999;20180907;2018;9;7;3356500;6703500;16.9;21.9;12.4;0.0;11030;17.5;1564.4999999999995;332.5
1;3356593;6703104;Vihti;9999;20180908;2018;9;8;3356500;6703500;18.4;24.4;14.2;0.0;15181;16.6;1577.8999999999996;332.5
1;3356593;6703104;Vihti;9999;20180909;2018;9;9;3356500;6703500;17.1;20.8;14.9;1.7;10415;17.6;1589.9999999999995;334.2
1;3356593;6703104;Vihti;9999;20180910;2018;9;10;3356500;6703500;15.8;19.0;13.0;0.2;12625;16.9;1600.7999999999995;334.4
1;3356593;6703104;Vihti;9999;20180911;2018;9;11;3356500;6703500;14.1;16.9;12.0;18.9;3096;15.6;1609.8999999999994;353.29999999999995
1;3356593;6703104;Vihti;9999;20180912;2018;9;12;3356500;6703500;13.1;16.5;9.9;4.2;9731;12.7;1617.9999999999993;357.49999999999994
1;3356593;6703104;Vihti;9999;20180913;2018;9;13;3356500;6703500;11.9;17.0;8.5;0.0;12712;11.1;1624.8999999999994;357.49999999999994
1;3356593;6703104;Vihti;9999;20180914;2018;9;14;3356500;6703500;11.7;16.6;7.0;0.3;11891;12.1;1631.5999999999995;357.79999999999995
1;3356593;6703104;Vihti;9999;20180915;2018;9;15;3356500;6703500;12.3;15.7;9.5;8.0;4176;13.7;1638.8999999999994;365.79999999999995
1;3356593;6703104;Vihti;9999;20180916;2018;9;16;3356500;6703500;9.6;16.2;4.7;3.6;10930;10.8;1643.4999999999993;369.4
1;3356593;6703104;Vihti;9999;20180917;2018;9;17;3356500;6703500;10.9;14.6;5.5;7.2;3571;12.6;1649.3999999999994;376.59999999999997
1;3356593;6703104;Vihti;9999;20180918;2018;9;18;3356500;6703500;12.3;15.4;6.9;0.0;6811;13.2;1656.6999999999994;376.59999999999997
1;3356593;6703104;Vihti;9999;20180919;2018;9;19;3356500;6703500;15.1;19.8;10.8;0.0;10238;15.2;1666.7999999999993;376.59999999999997
1;3356593;6703104;Vihti;9999;20180920;2018;9;20;3356500;6703500;15.3;19.6;11.5;1.4;12517;14.7;1677.0999999999992;377.99999999999994
1;3356593;6703104;Vihti;9999;20180921;2018;9;21;3356500;6703500;15.2;20.0;8.8;0.7;9137;15.3;1687.2999999999993;378.69999999999993
1;3356593;6703104;Vihti;9999;20180922;2018;9;22;3356500;6703500;13.2;19.6;10.1;1.5;10228;12.0;1695.4999999999993;380.19999999999993
1;3356593;6703104;Vihti;9999;20180923;2018;9;23;3356500;6703500;9.3;14.0;6.2;0.0;8820;9.7;1699.7999999999993;380.19999999999993
1;3356593;6703104;Vihti;9999;20180924;2018;9;24;3356500;6703500;6.5;11.6;1.9;0.3;10505;7.9;1701.2999999999993;380.49999999999994
1;3356593;6703104;Vihti;9999;20180925;2018;9;25;3356500;6703500;6.5;11.6;1.6;0.0;11095;7.0;1702.7999999999993;380.49999999999994
